arxiv	objects	hand_edited
2303.10130v5	0	
2302.09248v2	0	
1904.12320v1	0	
2105.03075v5	0	
2110.01852v3	0	
2302.07944v3	15	
2202.07922v2	2	
1710.05381v2	0	
1810.11953v4	229	
2012.01300v1	0	
2312.05328v4	7	
2303.15056v2	1	
1911.00068v6	0	
2406.17711v1	6	
1912.02911v4	0	
2212.10450v2	3	
1707.06742v3	0	
2103.14749v4	11	
1812.00417v2	2	
1711.10160v1	11	
2010.12794v2	12	
1909.08383v3	0	
1603.07285v2	96	
1706.03762v7	5	
1512.03385v1	7	
1608.06993v5	5	
1710.09829v2	0	
1412.3555v1	2	
1511.07289v5	21	
1606.08415v5	6	
2102.12627v1	0	
2302.11529v2	3	
2512.24695v1	0	
1808.05377v3	4	
2105.08050v2	7	
1512.00567v3	10	
1710.05941v2	8	
1910.10699v3	3	
1910.01108v4	0	
1903.12136v1	0	
1503.02531v1	0	
2106.08962v2	5	
2104.00676v1	6	
1909.10351v5	1	
1908.08962v2	4	
2209.14778v1	26	
1502.03167v3	0	
1603.09382v3	1	
1502.01852v1	5	
1810.12890v1	10	
1901.09321v2	7	
1803.08494v3	11	
1805.11604v5	18	
1607.06450v1	12	
1701.06548v1	4	
1910.07467v1	11	
1706.02515v5	10	
1810.12281v1	12	
1801.05134v1	6	
1906.02629v3	0	
2310.04415v2	86	
2110.02861v2	4	
1803.09820v2	0	
1609.04747v2	0	
2102.06604v2	20	
1506.01186v6	0	
1711.05101v3	1	
2007.01547v6	12	
1711.00489v2	0	
2502.16982v1	11	
1910.05446v3	10	
1908.03265v4	13	
1608.03983v5	17	
2305.14342v4	31	
1708.07120v3	0	
2302.06675v4	0	
2203.03466v2	18	
1705.08292v2	10	
2109.02355v2	0	
2205.01080v1	0	
2403.04861v2	0	
2103.03404v2	9	
1711.08856v3	11	
1905.01067v4	23	
2012.00152v1	2	
2309.02390v1	12	
2103.00065v3	142	
2201.02177v1	0	
2002.09277v3	11	
2101.12176v1	0	
1703.00810v3	1	
1812.11118v2	22	
1903.01611v3	83	
1803.03635v5	199	
2012.09816v3	0	
2303.01486v4	51	
1712.09913v3	111	
1905.02161v2	3	
2104.03829v1	4	
1506.02142v6	0	
2006.04005v3	0	
1312.6199v4	0	
1706.04599v2	9	
1612.01474v3	15	
1505.05424v2	7	
1512.04922v3	0	
2302.10108v1	10	
2605.25290v1	0	
1602.05549v1	0	
2406.06768v1	19	
2009.00148v4	0	
1404.7530v2	9	
1305.6156v4	3	
2010.09686v7	40	
2002.05670v5	0	
1305.6979v1	1	
2410.23614v6	24	
2104.12222v1	0	
2112.13495v4	14	
2012.08591v1	0	
2102.12893v1	0	
2212.11366v5	0	
2103.06476v9	11	
1810.08240v9	11	
2012.08724v1	0	
1903.08755v1	0	
2111.10106v1	0	
2512.03060v1	0	
2212.06355v1	0	
2002.02770v1	0	
2210.10768v3	8	
1706.07639v6	3	
1209.2355v5	18	
1608.00060v7	1	
1908.08526v3	0	
1103.4601v2	0	
1610.01271v4	11	
1706.03461v6	14	
2506.20417v1	1	
2202.06317v2	0	
1801.07030v1	0	
2008.07146v5	0	
1712.04912v4	7	
2309.07893v2	1	
1603.09326v5	0	
2608.08043v1	0	
2202.07234v5	2	
2407.20665v1	0	
2601.17712v1	0	
1803.06336v4	0	
2509.13944v2	0	
2106.07263v3	1	
2110.13406v2	0	
2410.09027v2	1	
2303.01469v2	0	
2010.02502v4	0	
2006.11239v2	0	
2408.14837v2	5	
2510.11690v1	8	
2208.12242v2	0	
2210.02747v2	18	
2204.06125v1	4	
2112.10752v2	1	
2410.13720v2	24	
2301.00704v1	1	
2301.11108v3	0	
2512.15603v1	0	
2212.09748v2	9	
2311.15127v1	14	
2404.10667v2	0	
1912.04958v2	12	
1711.10485v1	4	
1312.6114v11	2	
2103.01209v4	2	
1603.08155v1	1	
2109.08031v1	0	
1403.6652v2	17	
1908.11512v1	0	
1705.02801v4	40	
1709.05584v3	2	
1607.00653v1	4	
1901.00596v4	0	
1606.09375v3	4	
1812.04202v3	4	
2011.08843v2	0	
1511.05493v4	3	
1611.08097v2	3	
1710.10903v3	0	
2106.06218v1	0	
1911.06455v2	0	
2509.21489v4	3	
1706.02216v4	0	
2402.11139v1	0	
1704.01212v2	1	
2407.20060v1	17	
1806.01261v3	6	
1609.02907v4	6	
2103.06857v1	1	
2310.04560v1	5	
2012.14261v3	0	
1705.07874v2	4	
1902.10186v3	35	
1908.04626v2	0	
1703.01365v2	1	
2002.01650v5	4	
1802.03888v3	6	
1905.04610v1	34	
1610.02391v4	0	
1311.2901v3	3	
1506.02078v2	5	
2211.05667v3	0	
2212.06727v1	4	
1602.04938v3	10	
2012.14406v2	0	
1905.10650v3	12	
2409.03752v3	4	
2510.06477v2	28	
1905.05950v2	0	
2505.17117v7	0	
2408.05147v2	20	
2407.14435v3	18	
2202.05262v5	21	
2605.29358v1	0	
2402.09221v1	0	
2106.06981v2	5	
2607.15495v1	0	
1906.02715v2	0	
1906.04341v1	5	
2510.01132v2	0	
2407.15186v5	0	
2504.01990v2	20	
2504.05108v4	11	
2506.13131v1	8	
2511.08522v2	18	
2402.19446v1	7	
2402.14207v2	2	
2308.08155v2	17	
2305.11738v4	11	
2409.04109v1	5	
2304.09842v3	7	
2603.27277v1	0	
2402.18679v4	1	
2510.22780v2	16	
2303.17580v4	4	
2408.15232v2	2	
2406.04692v1	8	
2402.05120v2	11	
2210.03629v3	6	
2504.11536v2	0	
2303.11366v4	8	
2501.05366v1	3	
2510.20342v1	2	
2504.08066v1	0	
2408.06292v3	0	
2506.20803v1	8	
2511.23473v1	45	
2302.04761v1	4	
2501.12326v1	0	
2303.04671v1	0	
2305.16291v2	0	
2503.13657v3	7	
2412.09871v1	8	
2401.06066v1	7	
2410.05258v2	18	
2102.11972v2	3	
2105.03824v4	1	
2506.14761v1	3	
2002.05202v1	0	
2502.09992v3	12	
2507.10524v3	31	
2002.04745v2	14	
1701.06538v1	1	
2104.09864v5	4	
2410.06205v3	1	
2101.03961v3	17	
2510.17558v1	3	
1812.01243v10	0	
2009.06732v3	6	
2004.05150v2	2	
2001.04451v2	0	
2310.01889v4	0	
2108.12409v2	16	
1901.02860v3	1	
2305.01625v3	6	
2109.00301v3	8	
2505.23735v1	0	
2412.06464v3	0	
2302.10866v3	0	
2403.19887v2	8	
2407.04620v4	16	
2312.00752v2	16	
2503.14456v2	13	
2305.13048v2	32	
2402.01032v2	22	
2303.06349v1	18	
2307.08621v4	8	
2405.21060v1	9	
2410.01201v3	0	
2405.04517v2	17	
2302.03494v8	0	
2412.16339v2	0	
2505.13995v2	15	
2310.20410v3	4	
2605.24229v1	0	
2311.07911v1	3	
2505.23836v3	12	
2312.06681v4	4	
2510.07686v2	19	
2404.13208v1	4	
2310.13548v4	26	
2505.11423v3	16	
2303.17548v1	0	
2507.13334v2	1	
2512.25052v1	0	
2510.04618v3	10	
2310.05736v2	2	
2505.06120v1	6	
2310.06839v2	7	
2307.03172v3	16	
2310.04408v1	3	
2607.00725v2	0	
2606.02245v1	4	
2306.11695v3	7	
2306.00978v6	5	
2502.08606v2	66	
2210.17323v2	5	
2408.11796v4	6	
2301.00774v3	11	
2405.16406v4	2	
2212.09720v2	15	
2508.15361v1	0	
2505.11831v2	3	
2506.11440v1	4	
2502.19187v2	7	
2206.04615v3	43	
2504.12516v1	0	
2305.03111v3	19	
2210.09261v1	25	
2107.03374v2	0	
2411.04872v7	4	
2311.12983v1	8	
2510.04374v1	0	
2311.12022v1	3	
2507.02833v3	1	
2410.02694v3	12	
1905.07830v1	9	
1809.09600v1	2	
2501.14249v11	5	
2011.07127v1	1	
2212.13138v1	19	
2406.19314v2	9	
2403.07974v2	2	
2412.15204v2	6	
2303.12528v4	35	
2410.07095v6	6	
2406.01574v6	4	
2503.14499v4	0	
2009.03300v3	16	
2103.03874v2	10	
2411.04368v1	1	
2108.00573v3	7	
2508.03685v1	0	
2502.05167v3	12	
2404.07972v2	4	
2311.01767v2	0	
1910.11473v2	3	
2404.06654v3	14	
2509.16941v2	0	
2310.06770v3	6	
2411.07763v2	39	
1809.08887v5	3	
2601.11868v1	31	
2412.14161v3	6	
2307.13854v4	2	
2406.12045v1	6	
2506.07982v1	17	
2405.00332v4	2	
2504.07086v2	27	
2412.18407v2	7	
2411.15594v6	5	
2604.24977v1	2	
2407.01502v1	0	
2410.04265v2	1	
2411.00640v1	0	
2410.10934v2	0	
2304.15004v2	12	
2309.07462v2	52	
2406.04244v1	3	
2411.12990v1	13	
2403.04132v1	10	
2410.07137v2	12	
2507.18624v2	5	
2402.06782v4	24	
2212.09251v1	21	
2507.02825v5	8	
2406.03689v3	6	
2307.10928v4	107	
2510.06552v2	4	
2406.11939v2	6	
2303.16634v3	0	
2505.08775v1	0	
2211.09110v2	34	
2410.12784v2	4	
2306.05685v4	17	
2406.07791v9	3	
2410.02736v2	5	
2404.13076v1	7	
2412.05579v2	0	
2305.17926v2	6	
2404.04475v2	0	
2405.14782v3	1	
2502.14318v1	0	
2601.17087v2	12	
2511.04703v1	10	
2603.11245v2	6	
2601.08118v3	13	
2503.01747v3	44	
2301.09633v4	19	
2502.01534v3	5	
2405.01535v2	2	
2406.10229v1	1	
2606.19544v1	0	
2404.18796v2	1	
2311.04850v2	1	
2408.02666v2	1	
2606.20708v1	2	
2401.00595v3	0	
2409.15268v3	3	
2606.13685v1	6	
2504.20879v2	17	
2407.18370v1	4	
2602.16763v4	0	
2607.08535v1	5	
2404.12272v1	0	
2010.06595v1	24	
2402.14992v2	4	
2501.00656v3	65	
2303.18223v19	10	
2303.17564v3	9	
2307.10169v1	12	
2412.19437v2	4	
2512.02556v1	7	
2304.13712v2	3	
2302.13971v1	2	
2005.14165v4	0	
2402.06196v3	4	
2307.09288v2	18	
2404.06395v3	14	
2401.04088v1	3	
2305.10403v3	20	
2404.14219v4	1	
2505.09388v1	4	
2502.02737v1	8	
2303.12712v5	0	
2407.21783v3	30	
2302.07730v4	0	
2602.06052v4	0	
2604.16548v2	0	
2502.12110v11	17	
2607.01935v2	0	
2606.24775v1	5	
2605.05583v2	3	
2602.02007v4	0	
2508.19005v6	0	
2602.14038v1	0	
2606.15903v2	1	
2308.10144v3	0	
2604.08224v1	0	
2605.06716v1	0	
2304.03442v2	0	
2405.14831v3	7	
2507.07957v1	0	
2504.19413v1	0	
2603.18718v1	6	
2507.03724v4	2	
2604.22085v1	0	
2506.06326v1	0	
2603.07670v1	0	
2512.13564v2	1	
2508.19828v5	0	
2305.10250v3	0	
2508.06433v4	3	
2511.13593v3	0	
2502.05589v3	11	
2605.10870v1	6	
2505.00675v3	3	
2605.30711v2	1	
2504.13171v1	15	
2501.13956v1	0	
2608.00009v1	2	
2606.22877v1	5	
2507.05257v4	3	
2402.17753v1	0	
2605.18421v2	1	
2410.10813v2	7	
2607.01071v2	0	
2306.07174v1	5	
2506.06266v3	8	
2601.05505v2	2	
2406.19354v1	4	
2403.11901v4	1	
2502.00592v2	8	
2402.04624v2	9	
2607.05969v2	14	
2203.08913v1	4	
2412.09764v2	2	
1909.13231v3	18	
2501.00663v1	0	
2603.26680v2	4	
2502.09597v1	24	
2603.29112v1	0	
2604.17259v1	1	
2604.17283v1	3	
2504.14225v2	0	
2304.11406v4	0	
2407.11016v3	0	
2601.13722v1	18	
2603.23231v2	4	
2407.17387v1	0	
2605.13307v1	45	
2502.20616v2	1	
2506.09902v1	3	
2512.06688v1	0	
2608.21381v1	0	yes
2409.20296v2	0	
2404.16019v2	37	
2503.07018v1	2	
2502.19178v2	3	
2503.17003v4	0	
2412.13103v1	0	
2605.28969v2	0	
2606.04547v2	3	
2602.15012v1	3	
2606.16368v1	3	
2310.20081v1	0	
2311.09796v2	2	
2605.09794v1	0	
2409.11901v2	4	
2608.09507v2	6	
2608.08300v1	5	
2601.12078v2	4	
2510.17881v3	5	
2506.06254v2	2	
2411.00027v3	3	
2606.06614v1	5	
2308.07968v1	1	
2602.22680v2	1	
2606.16707v1	7	
2402.13598v2	2	
2608.01619v1	0	
2510.08517v1	8	
2509.13244v1	0	
2605.24647v1	0	
2511.23101v1	9	
2605.26322v1	3	
2511.22275v1	0	
2508.10468v1	4	
2511.08798v2	6	
2606.19559v1	0	
2606.03135v1	0	
2310.06983v1	0	
2604.07941v2	1	
2407.03502v1	1	
2305.14233v1	1	
2406.08673v1	0	
2402.04333v3	9	
2305.11206v1	7	
2502.03387v3	0	
2309.11998v4	6	
2406.08464v2	14	
2406.11704v2	6	
2506.04178v2	12	
2406.20094v3	8	
2308.06259v3	10	
2212.10560v2	8	
2310.01377v2	8	
2405.01470v1	3	
2408.15549v4	5	
2304.12244v3	1	
2501.19393v3	7	
2604.00626v4	0	
2402.09353v6	7	
2505.24189v2	5	
2411.05059v2	1	
2109.01652v5	15	
2308.10792v10	4	
2210.11610v2	3	
2407.10490v4	19	
2405.09673v2	4	
2106.09685v2	3	
2306.08543v6	11	
2603.19220v2	3	
2512.13961v2	111	
2306.13649v3	22	
2306.02707v1	15	
1902.00751v2	10	
2305.14314v1	4	
2210.11416v5	15	
2506.10943v2	3	
2502.12143v3	6	
2305.15717v1	14	
2301.13688v2	2	
2312.01552v1	0	
2411.15124v5	34	
2410.15595v4	0	
2504.12328v1	1	
2310.12036v2	2	
2503.19201v1	3	
2608.27505v2	0	
2402.08114v2	0	
2402.14740v2	8	
2212.08073v1	12	
2305.18290v3	6	
2504.03206v3	0	
2408.15240v3	17	
2404.10719v3	0	
2402.01306v4	0	
2606.07629v1	0	
2009.01325v3	7	
2305.20050v1	0	
2403.07691v2	8	
2206.11871v2	12	
2307.15217v2	0	
2602.12116v1	0	
2604.07343v2	5	
2408.10075v1	1	
2404.14367v3	0	
2309.00267v3	4	
2405.07863v3	9	
2310.02743v2	0	
2506.01937v2	15	
2403.13787v2	591	
2507.17746v2	1	
2411.01111v1	0	
2406.02900v2	0	
2210.10760v1	0	
2401.10020v3	11	
2405.14734v3	9	
2507.01352v3	7	
2603.12595v1	2	
2204.05862v1	47	
2203.02155v1	21	
2406.09279v2	7	
2505.03335v3	34	
2503.01307v2	13	
2503.14476v2	14	
2501.12948v2	17	
2402.03300v3	4	
2507.00432v2	16	
2504.13837v5	35	
2507.18071v2	3	
2501.12599v4	9	
2502.21321v2	5	
2601.16175v2	4	
2505.00949v5	4	
2506.10910v1	4	
2505.24864v1	95	
2509.04259v1	10	
2504.20571v3	72	
2608.03573v2	15	
2501.17161v2	9	
2203.14465v2	5	
2503.18892v3	49	
2506.10947v2	132	
2510.25992v3	2	
2504.16084v3	12	
2510.13786v1	0	
2505.22617v1	30	
2503.20783v2	14	
2410.12896v1	0	
2403.05812v1	17	
2404.07503v2	0	
2107.06499v2	12	
2305.10429v4	2	
2206.07682v2	1	
2406.11813v3	65	
2503.21676v2	27	
2505.24832v3	7	
2401.17377v4	2	
2404.01413v2	13	
2510.13928v2	8	
1909.01066v2	3	
2504.07096v2	0	
2404.05405v1	72	
2305.16264v5	17	
2301.03728v1	13	
2410.04840v2	8	
2306.11644v2	0	
2305.17493v3	19	
2406.17557v2	19	
2203.15556v1	11	
2309.04564v1	0	
2511.03492v1	11	
2302.12246v5	0	
2305.03495v2	0	
2310.03714v1	0	
2507.19457v2	65	
2309.03409v3	55	
2408.02442v3	7	
2111.06719v2	23	
2406.11695v2	9	
2311.00871v1	25	
2310.11324v2	57	
2410.20788v3	0	
2209.01975v1	3	
2406.07496v1	6	
2406.06608v6	11	
2212.07677v2	71	
2303.08518v4	5	
2505.13775v4	3	
2506.09250v2	0	
2504.07128v3	35	
2502.03373v1	17	
2210.06726v1	4	
2305.18654v3	18	
2410.05229v2	55	
2506.21734v3	7	
2508.01191v6	20	
2510.04871v1	0	
2502.11176v4	3	
2501.11223v4	37	
2505.05410v1	0	
2411.19865v2	5	
2506.06941v3	39	
2410.10630v1	12	
2501.18585v2	4	
2503.09567v5	1	
2604.08016v2	0	
2311.09476v2	0	
2504.20119v2	0	
2401.15884v3	1	
2404.16130v2	0	
2309.15217v2	0	
2005.11401v4	2	
2312.10997v5	0	
2310.11511v1	7	
2411.06037v3	5	
2403.14403v2	5	
2310.12963v5	26	
2305.05176v1	1	
2410.03834v2	6	
2404.14618v1	0	
2309.15789v1	13	
2502.14855v2	9	
2406.18665v4	0	
2403.12031v2	7	
2409.19886v1	14	
2502.08773v2	23	
2301.10226v4	16	
2407.12784v1	4	
2606.26627v1	0	
2405.05175v2	8	
2510.04465v3	0	
2303.11156v4	0	
2310.17884v2	0	
2109.07445v1	2	
2603.02983v1	2	
2202.06539v3	10	
2506.08837v3	4	
2301.11305v2	7	
2110.06500v2	2	
2012.07805v2	2	
2310.05130v3	1	
2304.02819v3	0	
2301.07597v1	11	
2311.16119v3	0	
2601.17569v1	5	
2510.15511v4	9	
2110.05679v6	15	
2605.28009v1	0	
2503.03704v5	0	
2601.05504v2	0	
2603.22489v1	1	
2402.13659v2	12	
2202.07646v3	22	
2402.08787v6	0	
2311.17035v1	22	
2401.12070v3	13	
2403.06634v2	14	
2203.09509v4	4	
2203.05794v1	0	
2412.13678v1	0	
2404.12259v1	12	
2409.08466v2	6	
2302.14233v2	4	
2311.01449v2	2	
2311.05232v2	0	
2507.10587v2	0	
2601.07767v1	12	
2511.12991v1	0	
2401.11817v2	0	
2404.05411v1	0	
2309.01219v3	1	
2503.14749v3	5	
2503.15850v2	0	
2509.04664v1	1	
1910.00204v2	0	
1802.03426v3	0	
2012.04456v2	0	
1603.02754v3	13	
2412.03700v1	0	
1811.12808v3	20	
1402.1892v2	6	
2107.07511v6	44	
1802.01528v3	0	
2012.00174v5	0	
2309.09968v3	1	
2210.06280v2	26	
2106.11959v5	1	
2209.15421v2	4	
1908.07442v5	6	
2207.01848v6	11	
2012.06678v1	0	
2207.08815v1	0	
1706.02677v2	18	
1802.09941v2	29	
2104.04473v5	22	
1811.06965v5	0	
2006.16668v1	16	
2202.01306v2	17	
1802.05799v3	0	
2505.09343v2	6	
1909.08053v4	1	
2312.12705v2	9	
1806.03377v1	10	
2006.15704v1	29	
2304.11277v2	15	
2205.05198v1	1	
2104.07857v1	0	
2101.06840v1	1	
1910.02054v3	0	
2211.05102v1	14	
2307.08691v1	16	
2205.14135v2	4	
2303.06865v2	6	
2506.04645v1	9	
2311.03285v3	11	
2312.14231v1	0	
2203.08491v1	0	
1810.03993v2	3	
2209.09125v1	1	
1904.09675v3	0	
1909.02622v2	4	
2004.15003v3	5	
2002.12327v3	2	
1810.04805v2	4	
1910.10683v4	6	
2010.13382v1	3	
2002.06305v1	6	
1905.05583v3	0	
2006.04884v3	48	
2012.15180v2	2	
2006.05987v3	16	
2412.13663v2	0	
1903.05987v2	0	
1911.03090v1	9	
2106.16138v2	4	
2010.01653v1	0	
1011.4088v1	10	
1607.01759v3	0	
2005.04118v1	1	
2210.09345v1	4	
2106.01074v1	5	
1906.06127v3	1	
1802.05695v2	0	
1612.03651v1	2	
1903.10318v2	1	
2311.08526v1	6	
1906.00080v1	1	
1907.11932v6	0	
2010.11967v1	8	
1906.02192v1	0	
2405.04545v1	0	
2109.00904v2	0	
2206.03785v1	0	
2205.12696v3	0	
2204.06683v2	13	
2101.04840v1	5	
2005.05298v4	0	
2004.15011v3	3	
1502.01710v5	1	
2207.04043v1	0	
2409.03284v1	2	
1905.03375v1	2	
2002.02126v4	1	
2005.09683v2	5	
1708.05031v2	19	
2110.14037v1	2	
1802.05814v1	2	
2207.07483v1	5	
1904.06690v2	4	
1909.02107v2	8	
2008.13535v2	3	
1708.05123v1	0	
1706.06978v4	1	
1906.00091v1	2	
1707.07435v7	0	
1703.04247v1	0	
2101.06286v2	30	
2306.04039v1	3	
2001.10495v2	7	
2006.05639v2	4	
1808.09781v1	6	
2007.12865v4	3	
1511.06939v4	2	
2309.07602v1	0	
1606.07792v1	4	
2107.13045v1	16	
2010.11060v4	31	
1911.07698v3	5	
2010.03240v2	5	
2007.13237v1	1	
2511.03051v1	0	
1605.04812v3	0	
1905.01395v1	5	
1907.13286v3	0	
2402.06216v2	12	
2508.16793v1	0	
2007.07203v2	16	
2409.15373v1	0	
2608.10257v2	2	
1806.01973v1	0	
2205.11728v1	4	
2505.04421v2	5	
2402.06859v2	2	
2505.18654v4	3	
2209.07663v2	12	
2504.10507v7	4	
2205.04507v1	4	
2007.03634v1	0	
1711.07601v1	7	
2507.15551v3	1	
2302.02352v2	6	
1812.02353v3	0	
2306.00248v1	3	
2606.00422v1	3	
1702.04680v2	0	
2403.02545v4	5	
2305.19860v5	3	
2402.17152v3	21	
2306.08121v2	2	
2306.05817v6	0	
2304.10149v3	4	
2305.08845v2	8	
2506.13695v4	7	
2508.20900v4	12	
2510.07784v1	0	
2403.06465v1	1	
2203.13366v7	0	
2305.05065v3	5	
2311.11351v1	14	
2508.10478v1	4	
2305.00447v3	0	
2411.18814v2	6	
1003.0146v2	0	
1901.00301v2	20	
2006.09359v6	22	
1707.08475v2	4	
2201.02135v5	1	
1706.03741v4	1	
1312.5602v1	4	
2412.05265v5	17	
2206.00730v3	29	
2412.07165v2	8	
1709.06560v3	0	
2304.01315v2	29	
2206.10558v2	12	
1207.4708v2	9	
2407.18840v1	20	
2512.09929v1	0	
2301.04104v2	0	
2509.24527v1	0	
1803.10122v4	11	
1712.09405v1	0	
1801.07698v4	23	
2505.15045v1	8	
1405.4053v2	0	
1310.4546v1	0	
1301.3781v3	1	
1604.06737v1	2	
1503.03832v3	6	
2505.12540v4	1	
2504.16929v1	4	
1804.00079v1	0	
2205.13147v4	11	
1908.10084v1	2	
2104.08821v4	10	
1506.06726v1	4	
1709.03856v5	0	
2201.10005v1	2	
1803.11175v2	0	
2304.12210v2	10	
2002.05709v3	21	
2106.08254v2	1	
2103.03230v3	3	
2006.07733v3	10	
2111.12062v2	1	
2304.07193v2	10	
2508.10104v1	29	
1905.09272v3	2	
1606.05579v3	0	
2104.14294v2	12	
2011.10566v1	6	
2111.06377v3	6	
1911.05722v3	5	
1807.03748v2	1	
2101.06983v2	1	
2111.09886	0	
2004.11362v5	0	
2005.10242v10	6	
2006.09882v5	8	
2105.04906v3	11	
2111.07832v3	13	
1708.05070v2	5	
2108.02497v5	12	
1911.01547v2	0	
2407.12220v2	36	
2510.20809v1	0	
2306.16927v3	0	
2110.15245v1	0	
2203.11931v1	3	
2406.09246v3	0	
2303.03378v1	3	
2410.24164v4	3	
0902.2206v5	0	
2207.03051v2	0	
2203.17118v5	35	
2005.08480v2	14	
2603.21485v1	0	
2005.09035v2	15	
1907.06412v1	0	
2212.13937v4	0	
1809.05818v2	0	
2404.02543v3	4	
1608.04468v1	4	
1807.05614v2	1	
1908.10396v5	8	
2007.00808v2	20	
2104.08663v4	4	
2407.12883v4	1	
1702.08734v1	6	
2004.12832v2	0	
2112.01488v3	7	
2004.04906v3	1	
2211.14876v1	6	
1904.08375v2	1	
2104.06967v2	1	
2006.11632v2	1	
2310.08319v1	2	
2503.07891v1	2	
2401.00368v3	4	
2407.13218v3	4	
2402.03216v5	1	
2210.07316v3	5	
2405.17428v3	0	
2407.15831v2	0	
2205.09707v1	15	
2106.03373v4	4	
2212.10496v1	1	
2209.11755v1	2	
2506.05176v3	2	
2010.08191v2	6	
2403.06789v1	0	
2005.00181v3	3	
2212.03533v2	0	
2306.04833v2	0	
2112.09118v4	2	
2409.15133v2	0	
2309.10621v3	1	
1611.09268v3	0	
2003.07820v2	20	
2304.09161v2	0	
2109.00062v2	4	
2206.06588v1	0	
2405.07767v1	6	
2406.06519v1	0	
1209.2137v7	19	
1401.6399v13	14	
1911.09798v5	8	
2204.01500v2	2	
1711.08611v1	0	
2008.02460v1	5	
1905.09217v1	0	
2003.06713v1	0	
1706.06613v1	4	
2304.09542v3	0	
2306.17563v2	0	
2308.07107v5	0	
1704.08803v2	0	
1704.03940v3	1	
1901.04085v5	1	
2010.06467v3	10	
2303.07678v2	2	
2502.18418v2	2	
2312.02724v1	0	
2202.06991v3	1	
2409.02856v2	0	
2108.08252v1	3	
2211.02767v2	0	
2002.05515v1	0	
2310.14587v2	1	
2105.11108v3	0	
1505.07647v3	0	
1606.06565v2	0	
2109.13916v5	6	
2502.01926v3	0	
2106.13219v1	0	
1812.02903v1	0	
1905.06731v1	0	
1602.05629v4	6	
1607.00133v2	0	
1802.06739v1	0	
1903.10635v1	0	
1811.03604v2	0	
2004.10342v1	0	
1710.06963v3	14	
1610.05820v2	22	
2212.06470v3	0	
1802.08232v3	11	
1902.01046v2	4	
2504.15071v1	2	
2407.21658v1	1	
2506.02863v2	1	
2208.12266v2	0	
2509.23878v1	9	
1810.12247v5	2	
2410.00210v1	0	
2410.06885v3	0	
2010.01815v3	8	
2111.03017v4	0	
2406.15249v1	0	
1710.11153v2	1	
2212.04356v1	10	
2412.11985v2	2	
2406.08454v3	3	
2604.22290v1	0	
2201.03545v2	4	
2111.06091v4	27	
2010.11929v2	11	
2105.07197v2	4	
1912.12180v1	1	
2006.10204v1	0	
2410.11831v1	1	
2108.08810v2	26	
2104.00298v3	7	
2203.16527	9	
2106.10270v2	7	
2004.07728v3	6	
2003.10580v4	1	
2111.14556	5	
1812.08008v2	4	
2302.05442v1	27	
2304.02643v1	20	
1911.04252v4	3	
2111.09883v2	3	
2103.14030v2	2	
1711.06077v4	13	
1801.03924v2	15	
2306.01667v2	6	
2012.12877v2	31	
2101.01169v5	0	
2309.16588v2	4	
1804.02767v1	5	
2408.14471v2	29	
2404.12390v4	5	
2406.16860v2	14	
2407.01449v6	2	
2010.00747v2	2	
2603.29664v1	0	
2510.18234v1	2	
2401.06209v2	2	
2204.14198v2	124	
2302.14045v2	0	
2103.00020v1	18	
1612.00837v3	0	
2503.12605v2	7	
2404.04125v3	7	
2310.11441v2	0	
2502.14786v1	6	
2301.04883v1	6	
2510.09608v2	3	
2005.04790v3	0	
2304.08485v2	1	
2210.01936v3	0	
2510.02425v1	31	
