1		https://doi.org/10.1007/s10618-008-0114-1	Controlled experiments on the web: survey and practical guide	2009	experimentation-and-metrics/ab-testing
2		https://doi.org/10.1145/2487575.2488217	Online controlled experiments at large scale	2013	experimentation-and-metrics/ab-testing
3		https://doi.org/10.1145/2623330.2623341	Seven rules of thumb for web site experimenters	2014	experimentation-and-metrics/ab-testing
4		https://doi.org/10.1145/3018661.3018677	Trustworthy analysis of online A/B tests: pitfalls, challenges and solutions	2017	experimentation-and-metrics/ab-testing
5		https://doi.org/10.1145/3292500.3330722	Diagnosing sample ratio mismatch in online controlled experiments: a taxonomy and rules of thumb	2019	experimentation-and-metrics/ab-testing
6		https://doi.org/10.1145/3289600.3291000	How A/B tests could go wrong: automatic diagnosis of invalid online experiments	2019	experimentation-and-metrics/ab-testing
7		https://doi.org/10.1145/3331651.3331655	Top challenges from the first practical online controlled experiments summit	2019	experimentation-and-metrics/ab-testing
8		https://doi.org/10.1145/3534678.3539160	A/B testing intuition busters: common misunderstandings in online controlled experiments	2022	experimentation-and-metrics/ab-testing
9	2212.11366		Statistical Challenges in Online Controlled Experiments: A Review of A/B Testing Methodology	2022	experimentation-and-metrics/ab-testing
10	2102.12893		Novelty and Primacy: A Long-Term Estimator for Online Experiments	2021	experimentation-and-metrics/ab-testing
11	1512.04922		Always Valid Inference: Bringing Sequential Analysis to A/B Testing	2015	experimentation-and-metrics/ab-testing
12	1602.05549		Continuous Monitoring of A/B Tests without Pain: Optional Stopping in Bayesian Testing	2016	experimentation-and-metrics/ab-testing
13	1810.08240		Time-uniform, nonparametric, nonasymptotic confidence sequences	2018	experimentation-and-metrics/ab-testing
14	2103.06476		Time-uniform central limit theory and asymptotic confidence sequences	2021	experimentation-and-metrics/ab-testing
15	2010.09686		Estimating means of bounded random variables by betting	2020	experimentation-and-metrics/ab-testing
16	2210.08589		Anytime-Valid Linear Models and Regression Adjusted Causal Inference in Randomized Experiments	2022	experimentation-and-metrics/ab-testing
17	2302.10108		Anytime-Valid Confidence Sequences in an Enterprise A/B Testing Platform	2023	experimentation-and-metrics/ab-testing
18	2410.23614		Hypothesis testing with e-values	2024	experimentation-and-metrics/ab-testing
19	2009.00148		Design and Analysis of Switchback Experiments	2020	experimentation-and-metrics/ab-testing
20	2406.06768		Data-Driven Switchback Experiments: Theoretical Tradeoffs and Empirical Bayes Designs	2024	experimentation-and-metrics/ab-testing
21	1404.7530		Design and analysis of experiments in networks: Reducing bias from interference	2014	experimentation-and-metrics/ab-testing
22	1305.6979		Graph cluster randomization: network exposure to multiple universes	2013	experimentation-and-metrics/ab-testing
23	1305.6156		Estimating Average Causal Effects Under General Interference, with Application to a Social Network Experiment	2013	experimentation-and-metrics/ab-testing
24	2012.08591		Network experimentation at scale	2020	experimentation-and-metrics/ab-testing
25	1903.08755		Using Ego-Clusters to Measure Network Effects at LinkedIn	2019	experimentation-and-metrics/ab-testing
26		https://doi.org/10.1145/2600057.2602837	Why marketplace experimentation is harder than it seems: the role of test-control interference	2014	experimentation-and-metrics/ab-testing
27	2002.05670		Experimental Design in Two-Sided Platforms: An Analysis of Bias	2020	experimentation-and-metrics/ab-testing
28	2104.12222		Interference, Bias, and Variance in Two-Sided Marketplace Experimentation: Guidance for Platforms	2021	experimentation-and-metrics/ab-testing
29	2112.13495		Multiple Randomization Designs: Estimation and Inference with Interference	2021	experimentation-and-metrics/ab-testing
30	2012.08724		Trustworthy Online Marketplace Experimentation with Budget-split Design	2020	experimentation-and-metrics/ab-testing
31	2605.25290		Choosing Online Experiment Designs under Interference in Ads, Recommendations, and Member-Experience Systems	2026	experimentation-and-metrics/ab-testing
32		https://doi.org/10.1145/2939672.2939688	Boosted decision tree regression adjustment for variance reduction in online controlled experiments	2016	experimentation-and-metrics/variance-reduction
33	2106.07263		Machine Learning for Variance Reduction in Online Experiments	2021	experimentation-and-metrics/variance-reduction
34	2110.13406		Towards Optimal Variance Reduction in Online Controlled Experiments	2021	experimentation-and-metrics/variance-reduction
35		https://doi.org/10.1145/3159652.3159699	Consistent Transformation of Ratio Metrics for Efficient Online Controlled Experiments	2018	experimentation-and-metrics/variance-reduction
36	2410.09027		Variance reduction combining pre-experiment and in-experiment data	2024	experimentation-and-metrics/variance-reduction
37	2509.13944		Bridging Control Variates and Regression Adjustment in A/B Testing: From Design-Based to Model-Based Frameworks	2025	experimentation-and-metrics/variance-reduction
38		https://doi.org/10.1145/2939672.2939700	Data-driven metric development for online controlled experiments: seven lessons learned	2016	experimentation-and-metrics/metric-design
39		https://doi.org/10.1145/2983323.2983356	Measuring Metrics	2016	experimentation-and-metrics/metric-design
40		https://doi.org/10.1145/3097983.3098024	A dirty dozen: twelve common metric interpretation pitfalls in online controlled experiments	2017	experimentation-and-metrics/metric-design
41	2309.07893		Choosing a Proxy Metric from Past Experiments	2023	experimentation-and-metrics/metric-design
42	1603.09326		Estimating Treatment Effects using Multiple Surrogates: The Role of the Surrogate Score and the Surrogate Index	2016	experimentation-and-metrics/metric-design
43	2202.07234		Long-term Causal Inference Under Persistent Confounding via Data Combination	2022	experimentation-and-metrics/metric-design
44	2601.17712		The Proximal Surrogate Index: Long-Term Treatment Effects under Unobserved Confounding	2026	experimentation-and-metrics/metric-design
45	2608.08043		Evaluating for the long term: Learnings from industry	2026	experimentation-and-metrics/metric-design
46	1610.01271		Generalized Random Forests	2016	experimentation-and-metrics/causal-inference
47	1706.03461		Meta-learners for Estimating Heterogeneous Treatment Effects using Machine Learning	2017	experimentation-and-metrics/causal-inference
48	1712.04912		Quasi-Oracle Estimation of Heterogeneous Treatment Effects	2017	experimentation-and-metrics/causal-inference
49	1608.00060		Double/Debiased Machine Learning for Treatment and Causal Parameters	2016	experimentation-and-metrics/causal-inference
50	2111.10106		A Large Scale Benchmark for Individual Treatment Effect Prediction and Uplift Modeling	2021	experimentation-and-metrics/causal-inference
51	2512.03060		A Large Scale Heterogeneous Treatment Effect Estimation Framework and Its Applications of Users' Journey at Snap	2025	experimentation-and-metrics/causal-inference
52	1103.4601		Doubly Robust Policy Evaluation and Learning	2011	experimentation-and-metrics/causal-inference
53	1209.2355		Counterfactual Reasoning and Learning Systems	2012	experimentation-and-metrics/causal-inference
54	1801.07030		Offline A/B testing for Recommender Systems	2018	experimentation-and-metrics/causal-inference
55	2008.07146		Open Bandit Dataset and Pipeline: Towards Realistic and Reproducible Off-Policy Evaluation	2020	experimentation-and-metrics/causal-inference
56	2202.06317		Off-Policy Evaluation for Large Action Spaces via Embeddings	2022	experimentation-and-metrics/causal-inference
57	1908.08526		Double Reinforcement Learning for Efficient Off-Policy Evaluation in Markov Decision Processes	2019	experimentation-and-metrics/causal-inference
58	2210.10768		Anytime-valid off-policy inference for contextual bandits	2022	experimentation-and-metrics/causal-inference
59	2506.20417		Off-Policy Evaluation and Learning for the Future under Non-Stationarity	2025	experimentation-and-metrics/causal-inference
60	2212.06355		A Review of Off-Policy Evaluation in Reinforcement Learning	2022	experimentation-and-metrics/causal-inference
61	2002.02770		A Survey on Causal Inference	2020	experimentation-and-metrics/causal-inference
