1	2005.12872		End-to-End Object Detection with Transformers	2020	vision-and-multimodal/vision
2	1506.01497		Faster R-CNN: Towards Real-Time Object Detection with Region Proposal Networks	2015	vision-and-multimodal/vision
3	1703.06870		Mask R-CNN	2017	vision-and-multimodal/vision
4	2304.08069		DETRs Beat YOLOs on Real-time Object Detection	2023	vision-and-multimodal/vision
5	2303.05499		Grounding DINO: Marrying DINO with Grounded Pre-Training for Open-Set Object Detection	2023	vision-and-multimodal/vision
6	2408.00714		SAM 2: Segment Anything in Images and Videos	2024	vision-and-multimodal/vision
7	2511.16719		SAM 3: Segment Anything with Concepts	2025	vision-and-multimodal/vision
8	2406.09414		Depth Anything V2	2024	vision-and-multimodal/vision
9	2503.11651		VGGT: Visual Geometry Grounded Transformer	2025	vision-and-multimodal/vision
10	2003.08934		NeRF: Representing Scenes as Neural Radiance Fields for View Synthesis	2020	vision-and-multimodal/vision
11	2308.04079		3D Gaussian Splatting for Real-Time Radiance Field Rendering	2023	vision-and-multimodal/vision
12	2301.12597		BLIP-2: Bootstrapping Language-Image Pre-training with Frozen Image Encoders and Large Language Models	2023	vision-and-multimodal/vision-language
13	2310.03744		Improved Baselines with Visual Instruction Tuning	2023	vision-and-multimodal/vision-language
14	2303.15343		Sigmoid Loss for Language Image Pre-Training	2023	vision-and-multimodal/vision-language
15	2304.14108		DataComp: In search of the next generation of multimodal datasets	2023	vision-and-multimodal/vision-language
16	2504.13181		Perception Encoder: The best visual embeddings are not at the output of the network	2025	vision-and-multimodal/vision-language
17	2502.13923		Qwen2.5-VL Technical Report	2025	vision-and-multimodal/vision-language
18	2511.21631		Qwen3-VL Technical Report	2025	vision-and-multimodal/vision-language
19	2412.03555		PaliGemma 2: A Family of Versatile VLMs for Transfer	2024	vision-and-multimodal/vision-language
20	2409.17146		Molmo and PixMo: Open Weights and Open Data for State-of-the-Art Vision-Language Models	2024	vision-and-multimodal/vision-language
21	2311.16502		MMMU: A Massive Multi-discipline Multimodal Understanding and Reasoning Benchmark for Expert AGI	2023	vision-and-multimodal/vision-language
22	2305.10355		Evaluating Object Hallucination in Large Vision-Language Models	2023	vision-and-multimodal/vision-language
23	2401.13601		MM-LLMs: Recent Advances in MultiModal Large Language Models	2024	vision-and-multimodal/vision-language
24	2311.17136		UniIR: Training and Benchmarking Universal Multimodal Information Retrievers	2023	vision-and-multimodal/vision-language
25	2410.05160		VLM2Vec: Training Vision-Language Models for Massive Multimodal Embedding Tasks	2024	vision-and-multimodal/vision-language
26	2507.04590		VLM2Vec-V2: Advancing Multimodal Embedding for Videos, Images, and Visual Documents	2025	vision-and-multimodal/vision-language
27	2412.16855		GME: Improving Universal Multimodal Retrieval by Multimodal LLMs	2024	vision-and-multimodal/vision-language
28	2506.18902		jina-embeddings-v4: Universal Embeddings for Multimodal Multilingual Retrieval	2025	vision-and-multimodal/vision-language
29	2601.08620		ViDoRe V3: A Comprehensive Evaluation of Retrieval Augmented Generation in Complex Real-World Scenarios	2026	vision-and-multimodal/vision-language
30	2011.13456		Score-Based Generative Modeling through Stochastic Differential Equations	2020	generative-models/diffusion
31	2105.05233		Diffusion Models Beat GANs on Image Synthesis	2021	generative-models/diffusion
32	2207.12598		Classifier-Free Diffusion Guidance	2022	generative-models/diffusion
33	2206.00364		Elucidating the Design Space of Diffusion-Based Generative Models	2022	generative-models/diffusion
34	2209.03003		Flow Straight and Fast: Learning to Generate and Transfer Data with Rectified Flow	2022	generative-models/diffusion
35	2403.03206		Scaling Rectified Flow Transformers for High-Resolution Image Synthesis	2024	generative-models/diffusion
36	2302.05543		Adding Conditional Control to Text-to-Image Diffusion Models	2023	generative-models/diffusion
37	2405.14867		Improved Distribution Matching Distillation for Fast Image Synthesis	2024	generative-models/diffusion
38	2503.20314		Wan: Open and Advanced Large-Scale Video Generative Models	2025	generative-models/diffusion
39	2506.15742		FLUX.1 Kontext: Flow Matching for In-Context Image Generation and Editing in Latent Space	2025	generative-models/diffusion
40	2406.07524		Simple and Effective Masked Diffusion Language Models	2024	generative-models/diffusion
41	2408.11039		Transfusion: Predict the Next Token and Diffuse Images with One Multi-Modal Model	2024	generative-models/diffusion
42	2410.06940		Representation Alignment for Generation: Training Diffusion Transformers Is Easier Than You Think	2024	generative-models/diffusion
43	2208.11970		Understanding Diffusion Models: A Unified Perspective	2022	generative-models/diffusion
44	2311.12908		Diffusion Model Alignment Using Direct Preference Optimization	2023	generative-models/diffusion
45	2505.05470		Flow-GRPO: Training Flow Matching Models via Online RL	2025	generative-models/diffusion
46	1406.2661		Generative Adversarial Networks	2014	generative-models/gans-and-vaes
47	1701.07875		Wasserstein GAN	2017	generative-models/gans-and-vaes
48	1812.04948		A Style-Based Generator Architecture for Generative Adversarial Networks	2018	generative-models/gans-and-vaes
49	1809.11096		Large Scale GAN Training for High Fidelity Natural Image Synthesis	2018	generative-models/gans-and-vaes
50	1703.10593		Unpaired Image-to-Image Translation using Cycle-Consistent Adversarial Networks	2017	generative-models/gans-and-vaes
51	1711.00937		Neural Discrete Representation Learning	2017	generative-models/gans-and-vaes
52	2012.09841		Taming Transformers for High-Resolution Image Synthesis	2020	generative-models/gans-and-vaes
53	1906.02691		An Introduction to Variational Autoencoders	2019	generative-models/gans-and-vaes
54	1908.09257		Normalizing Flows: An Introduction and Review of Current Methods	2019	generative-models/gans-and-vaes
55	2501.05441		The GAN is dead; long live the GAN! A Modern GAN Baseline	2025	generative-models/gans-and-vaes
56	2006.11477		wav2vec 2.0: A Framework for Self-Supervised Learning of Speech Representations	2020	vision-and-multimodal/speech-and-audio
57	2106.07447		HuBERT: Self-Supervised Speech Representation Learning by Masked Prediction of Hidden Units	2021	vision-and-multimodal/speech-and-audio
58	2005.08100		Conformer: Convolution-augmented Transformer for Speech Recognition	2020	vision-and-multimodal/speech-and-audio
59	2301.02111		Neural Codec Language Models are Zero-Shot Text to Speech Synthesizers	2023	vision-and-multimodal/speech-and-audio
60	2306.15687		Voicebox: Text-Guided Multilingual Universal Speech Generation at Scale	2023	vision-and-multimodal/speech-and-audio
61	2210.13438		High Fidelity Neural Audio Compression	2022	vision-and-multimodal/speech-and-audio
62	2209.03143		AudioLM: a Language Modeling Approach to Audio Generation	2022	vision-and-multimodal/speech-and-audio
63	2306.05284		Simple and Controllable Music Generation	2023	vision-and-multimodal/speech-and-audio
64	2206.04769		CLAP: Learning Audio Concepts From Natural Language Supervision	2022	vision-and-multimodal/speech-and-audio
65	2410.00037		Moshi: a speech-text foundation model for real-time dialogue	2024	vision-and-multimodal/speech-and-audio
66	2503.20215		Qwen2.5-Omni Technical Report	2025	vision-and-multimodal/speech-and-audio
67	2507.13264		Voxtral	2025	vision-and-multimodal/speech-and-audio
68	2410.19168		MMAU: A Massive Multi-Task Audio Understanding and Reasoning Benchmark	2024	vision-and-multimodal/speech-and-audio
69	2410.03751		Recent Advances in Speech Language Models: A Survey	2024	vision-and-multimodal/speech-and-audio
