paper	float	pattern	shaded cells	cells	colours	caption names it	marks, caption rule	marks, all rule
1403.6652v2	S6.T2	some rows	20	143	1	no	0	0
1403.6652v2	S6.T3	some rows	22	156	1	no	0	0
1403.6652v2	S6.T4	some rows	22	156	1	no	0	0
1606.04316v3	S2.T1	whole table	130	130	2	yes	0	0
1606.04316v3	S2.T2	whole columns	111	114	2	no	0	0
1606.04316v3	S2.T3	some rows	4	6	2	no	0	2
1606.04316v3	S3.T4	many cells	24	28	2	no	0	9
1606.04316v3	S3.T5	whole columns	54	57	2	no	0	0
1606.04316v3	S3.T6	whole columns	67	70	2	no	0	0
1606.04316v3	S4.T7	whole table	114	114	2	no	0	0
1606.04316v3	S4.T8	whole table	33	33	2	no	0	0
1606.04316v3	S4.T9	whole table	55	55	2	no	0	0
1606.04316v3	S4.T10	whole table	55	55	2	no	0	0
1606.04316v3	S4.T11	whole table	55	55	2	no	0	0
1606.04316v3	S4.T12	whole table	55	55	2	no	0	0
1704.03165v3	S4.T1	alternate rows	9	15	1	no	0	0
1704.03165v3	S4.T2	some rows	6	12	1	no	0	2
1708.05070v2	S2.tab2	some rows	70	75	2	no	0	14
1708.05070v2	S3.SS1.tab1	some rows	156	169	2	no	0	12
1902.10811v2	S3.T1	some rows	105	135	2	no	0	15
1902.10811v2	S3.T1.tab1	some rows	49	64	2	no	0	7
1902.10811v2	S3.T1.tab2	some rows	56	71	2	no	0	8
1902.10811v2	S4.T2	some rows	12	16	2	no	0	3
1902.10811v2	A2.T3	some rows	36	42	2	no	0	9
1902.10811v2	A2.T4	some rows	24	34	2	no	0	6
1902.10811v2	A2.T5	some cells	2	12	2	no	0	2
1902.10811v2	A2.T11	whole columns	244	253	2	no	0	0
1902.10811v2	A2.T12	whole columns	244	253	2	no	0	0
1902.10811v2	A3.T13	some rows	12	16	2	no	0	6
1902.10811v2	A3.T14	whole columns	237	246	2	no	0	0
1902.10811v2	A3.SS4.SSS4.tab1	whole columns	244	253	2	no	0	0
1902.10811v2	A3.T15	whole columns	237	246	2	no	0	0
1902.10811v2	A3.SS4.SSS4.tab2	whole columns	244	253	2	no	0	0
1902.10811v2	A3.T16	whole columns	237	246	2	no	0	0
1902.10811v2	A3.SS4.SSS4.tab3	whole columns	244	253	2	no	0	0
1902.10811v2	A3.T17	whole columns	237	246	2	no	0	0
1902.10811v2	A3.SS4.SSS4.tab4	whole columns	244	253	2	no	0	0
1902.10811v2	A3.T18	whole columns	237	246	2	no	0	0
1902.10811v2	A3.SS4.SSS4.tab5	whole columns	244	253	2	no	0	0
1902.10811v2	A3.T19	whole columns	237	246	2	no	0	0
1902.10811v2	A3.SS4.SSS4.tab6	whole columns	244	253	2	no	0	0
1903.05987v2	S3.T2	some cells	7	72	2	yes	0	7
1905.07830v1	S4.T1	whole columns	23	129	1	no	0	0
1905.07830v1	A7.T2	some rows	10	54	3	yes	0	0
1908.04626v2	S1.F2	some rows	3	6	3	no	0	3
1909.08383v3	S6.T9	whole columns	44	118	32	no	0	0
1910.11473v2	S1.T1	some rows	35	48	3	no	0	5
1910.11473v2	S4.T3	whole columns	9	18	1	no	0	0
2004.05785v1	S3.T1	some rows	25	180	1	no	0	0
2004.05785v1	S4.T2	some cells	4	150	1	no	0	4
2005.00687v7	S1.T1	some rows	27	65	2	yes	0	9
2005.05298v4	S3.T2	some cells	6	44	1	no	0	6
2005.05298v4	S3.T3	some cells	6	51	1	no	0	6
2005.05298v4	S3.T5	some rows	4	21	1	no	0	1
2005.05298v4	S3.T6	some rows	13	69	1	no	0	1
2005.05298v4	S3.T7	some rows	13	56	1	no	0	1
2005.05298v4	S3.T8	some rows	13	56	1	no	0	1
2005.05298v4	S3.T9	some rows	4	29	1	no	0	1
2005.05298v4	S3.T10	whole columns	9	45	1	no	0	0
2005.05298v4	S3.T11	some rows	3	61	1	no	0	1
2005.05298v4	S3.T12	some cells	6	79	1	no	0	6
2005.05298v4	S3.T13	some rows	5	30	1	no	0	1
2005.14050v2	A1.T3	some cells	10	59	1	no	0	7
2006.07159v1	A1.T3	some rows	114	120	2	no	0	19
2006.07159v1	A3.T5	some rows	124	128	2	no	0	31
2006.07733v3	S4.T1	some cells	8	72	1	no	0	7
2006.07733v3	S4.T1.st1	some rows	2	27	1	no	0	1
2006.07733v3	S4.T1.st2	some cells	6	45	1	no	0	6
2006.07733v3	S4.T2	some cells	16	87	1	no	0	13
2006.07733v3	S4.T2.st1	some rows	4	33	1	no	0	1
2006.07733v3	S4.T2.st2	some cells	12	54	1	no	0	12
2006.07733v3	S4.T3	some rows	24	132	1	no	0	2
2006.07733v3	S4.T4	some rows	7	42	1	no	0	2
2006.07733v3	S4.T4.st1	some rows	2	15	1	no	0	1
2006.07733v3	S4.T4.st2	some rows	5	27	1	no	0	1
2006.07733v3	A3.T8	some cells	2	26	1	no	0	2
2006.07733v3	A4.T11	some rows	2	30	1	no	0	1
2006.07733v3	A4.T12	some rows	5	57	1	no	0	1
2006.07733v3	A5.T13	some rows	13	56	1	no	0	1
2007.01434v1	S1.T1	some cells	20	98	1	no	0	20
2007.01434v1	S2.T2	some cells	5	30	1	no	0	5
2007.01434v1	S4.T3	some cells	21	104	1	no	0	15
2007.01434v1	S5.T4	whole columns	273	276	2	no	0	0
2007.08199v7	S3.T2	whole columns	372	618	3	no	0	0
2007.08199v7	S3.T3	whole columns	72	108	3	no	0	0
2009.10795v2	S2.T1	many cells	12	32	3	yes	0	12
2009.10795v2	A1.T6	some cells	4	36	1	yes	4	4
2010.00747v2	S5.T1	some rows	22	182	1	no	0	2
2010.00747v2	S5.T2	some rows	6	67	1	no	0	1
2010.02502v4	S5.T1	many cells	32	71	2	no	0	13
2010.11967v1	S3.T2	some cells	2	36	2	no	0	2
2010.11967v1	S3.T3	some cells	2	16	2	no	0	2
2011.05497v1	S6.T3	some rows	6	35	3	no	0	2
2011.13456v2	S4.T1	many cells	20	39	1	yes	20	20
2011.13456v2	A7.T4	many cells	20	39	1	yes	20	20
2012.15180v2	A1.T3	some cells	1	38	1	no	0	1
2012.15180v2	A1.T4	some cells	12	105	1	no	0	12
2101.01169v5	S4.T1	whole columns	89	96	1	no	0	0
2101.01169v5	S4.T2	many cells	47	105	1	no	0	41
2101.01169v5	S4.T3	some rows	240	244	1	no	0	61
2101.06840v1	S6.T4	alternate rows	12	24	1	no	0	0
2102.01454v3	S4.T4	some cells	16	90	1	yes	16	16
2102.01454v3	S4.T5	whole columns	5	48	1	yes	1	0
2102.01454v3	A4.T6	some cells	10	150	1	no	0	10
2102.01454v3	A4.T7	some cells	7	93	1	no	0	7
2102.01454v3	A4.T8	some cells	7	72	1	no	0	7
2102.01454v3	A4.T9	some cells	5	89	1	no	0	5
2102.01454v3	A4.T11	whole columns	1	15	1	no	0	0
2102.01454v3	A4.T12	some cells	2	52	1	no	0	2
2102.01454v3	A5.T13	some cells	3	50	1	no	0	3
2102.01454v3	A5.T14	some cells	3	28	1	no	0	3
2103.01209v4	S3.T1	many cells	58	144	2	no	0	10
2103.01209v4	S4.T2	alternate rows	24	45	2	no	0	0
2103.01209v4	S4.T3	some rows	19	30	2	no	0	3
2103.01209v4	A2.T4	alternate rows	14	25	2	no	0	0
2103.01209v4	A2.T5	alternate rows	11	21	2	no	0	0
2103.14000v3	S1.SS1.tab1	some cells	8	65	5	no	0	2
2103.14000v3	S3.T2	some cells	21	100	1	no	0	21
2103.14000v3	S5.SS2.SSS1.tab1	many cells	31	84	4	no	0	6
2103.14000v3	S5.SS3.SSS1.tab1	many cells	21	30	3	no	0	6
2103.14000v3	S6.T4	some rows	5	60	1	no	0	1
2103.14000v3	S6.T5	some cells	6	138	4	no	0	2
2104.00676v1	S5.T2	some cells	14	56	2	no	0	6
2104.00676v1	S7.T3	alternate rows	20	46	2	no	0	0
2104.00676v1	A4.T7	some cells	42	138	2	no	0	18
2104.00676v1	A4.T9	alternate rows	9	24	2	no	0	0
2104.14294v2	S3.T2	some rows	30	158	1	no	0	5
2104.14294v2	S4.T3	some rows	21	47	1	no	0	3
2104.14294v2	S4.T4	some cells	8	30	1	no	0	8
2104.14294v2	S4.T5	some rows	24	66	1	no	0	4
2104.14294v2	S4.T6	some rows	16	56	1	no	0	2
2104.14294v2	S5.T7	some cells	5	92	1	yes	5	5
2104.14294v2	S5.T8	whole columns	10	46	1	no	0	0
2104.14294v2	Sx1.T10	whole columns	18	76	1	no	0	0
2104.14294v2	Sx1.T11	some cells	4	62	1	no	0	4
2104.14294v2	Sx1.T12	some rows	5	72	1	no	0	1
2104.14294v2	Sx1.SS3.SSS0.Px1.tab1	some cells	1	6	1	no	0	1
2104.14294v2	Sx1.SS3.SSS0.Px2.tab1	some cells	1	15	1	no	0	1
2104.14294v2	Sx1.SS3.SSS0.Px3.tab1	some cells	1	12	1	no	0	1
2104.14294v2	Sx1.SS3.SSS0.Px4.tab1	some cells	1	6	1	no	0	1
2104.14294v2	Sx1.SS4.SSS0.Px1.tab1	some cells	1	10	1	no	0	1
2104.14294v2	Sx1.SS4.SSS0.Px2.tab1	some cells	1	14	1	no	0	1
2104.14294v2	Sx1.SS4.SSS0.Px3.tab1	some cells	1	8	1	no	0	1
2104.14294v2	Sx1.SS4.SSS0.Px6.tab1	some rows	6	30	1	no	0	1
2104.14294v2	Sx1.SS5.SSS0.Px2.tab1	some cells	5	34	1	no	0	5
2104.14294v2	Sx1.SS6.SSS2.Px1.tab1	some cells	1	15	1	no	0	1
2104.14294v2	Sx1.SS6.SSS2.Px2.tab1	some cells	1	12	1	no	0	1
2104.14294v2	as1_Sx1.T1	whole columns	18	76	1	no	0	0
2104.14294v2	as1_Sx1.T2	some cells	4	62	1	no	0	4
2104.14294v2	as1_Sx1.T3	some rows	5	72	1	no	0	1
2104.14294v2	as1_Sx1.SS3.SSS0.Px1.tab1	some cells	1	6	1	no	0	1
2104.14294v2	as1_Sx1.SS3.SSS0.Px2.tab1	some cells	1	15	1	no	0	1
2104.14294v2	as1_Sx1.SS3.SSS0.Px3.tab1	some cells	1	12	1	no	0	1
2104.14294v2	as1_Sx1.SS3.SSS0.Px4.tab1	some cells	1	6	1	no	0	1
2104.14294v2	as1_Sx1.SS4.SSS0.Px1.tab1	some cells	1	10	1	no	0	1
2104.14294v2	as1_Sx1.SS4.SSS0.Px2.tab1	some cells	1	14	1	no	0	1
2104.14294v2	as1_Sx1.SS4.SSS0.Px3.tab1	some cells	1	8	1	no	0	1
2104.14294v2	as1_Sx1.SS4.SSS0.Px6.tab1	some rows	6	30	1	no	0	1
2104.14294v2	as1_Sx1.SS5.SSS0.Px2.tab1	some cells	5	34	1	no	0	5
2104.14294v2	as1_Sx1.SS6.SSS2.Px1.tab1	some cells	1	15	1	no	0	1
2104.14294v2	as1_Sx1.SS6.SSS2.Px2.tab1	some cells	1	12	1	no	0	1
2106.03253v2	S3.T1	whole table	72	72	3	no	0	0
2106.03253v2	S3.T2	some cells	40	129	3	no	0	29
2106.03253v2	S3.T3	some rows	18	19	3	no	0	9
2106.03253v2	A1.T4	whole table	84	84	3	no	0	0
2106.09898v2	S1.T1	some rows	5	20	1	no	0	2
2106.09898v2	S2.T2	some cells	26	101	1	no	0	20
2106.11520v2	S4.T3	whole columns	10	101	1	no	0	0
2106.11520v2	S4.T4	whole columns	10	126	1	no	0	0
2106.11520v2	S4.T6	whole columns	10	55	1	no	0	0
2107.04649v2	S3.T1	many cells	34	44	2	no	0	7
2107.04649v2	A1.T2	some rows	8	10	2	no	0	4
2107.04649v2	A1.T3	some rows	18	20	2	no	0	9
2107.06499v2	S4.T1	some rows	4	12	1	yes	2	2
2107.06499v2	A4.T7	some cells	5	15	1	yes	3	3
2107.06499v2	A4.T8	many cells	7	12	1	yes	5	5
2109.00904v2	S3.T3	many cells	12	27	10	no	0	6
2109.00904v2	S6.T8	many cells	72	112	37	no	0	72
2109.11377v2	S6.T4	some cells	37	294	2	yes	0	37
2109.11377v2	A6.T11	some cells	14	1059	1	yes	14	14
2109.11377v2	A6.T12	some cells	10	1179	1	no	0	10
2109.11377v2	A6.T13	some cells	9	890	1	yes	9	9
2110.12088v2	S1.T1	some cells	5	98	1	no	0	5
2111.03017v4	S4.T2	some rows	3	143	1	no	0	3
2111.03017v4	A4.T5	some rows	3	138	1	no	0	3
2111.03017v4	A4.T6	some rows	3	54	1	no	0	3
2111.03017v4	A5.T7	some rows	68	70	2	no	0	34
2111.03017v4	A5.T8	alternate rows	16	50	1	yes	0	0
2111.06377v3	S4.T1	some cells	13	98	1	yes	7	7
2111.07832v3	S4.T3	some cells	65	211	1	no	0	14
2111.07832v3	S4.T5	some rows	10	64	1	no	0	2
2111.07832v3	S4.T6	some rows	11	62	1	no	0	2
2111.07832v3	S4.T7	some rows	14	70	1	no	0	2
2111.07832v3	S4.T8	some rows	14	47	1	yes	1	1
2111.07832v3	S4.T9	some cells	5	58	1	no	0	5
2111.07832v3	A2.SS0.SSS0.Px3.tab1	whole columns	4	16	1	no	0	0
2111.07832v3	A2.T10	some rows	22	90	1	no	0	2
2111.07832v3	A4.T13	some rows	11	57	1	no	0	1
2111.07832v3	A4.T14	some rows	11	58	1	no	0	1
2111.07832v3	A4.T16	some rows	8	28	1	no	0	1
2111.07832v3	A5.T18	some rows	5	40	1	no	0	1
2111.07832v3	A5.SS0.SSS0.Px1.tab1	whole columns	3	18	1	no	0	0
2111.07832v3	A5.SS0.SSS0.Px2.tab1	whole columns	3	15	1	no	0	0
2111.07832v3	A5.SS0.SSS0.Px4.tab1	whole columns	4	28	1	no	0	0
2111.07832v3	A5.SS0.SSS0.Px5.tab1	whole columns	3	12	1	no	0	0
2111.07832v3	A5.SS0.SSS0.Px6.tab1	whole columns	3	12	1	no	0	0
2111.07832v3	A5.T19	some cells	16	54	1	no	0	16
2111.07832v3	A6.T20	some rows	4	28	1	no	0	1
2111.09794v6	S4.T1	many cells	77	224	1	no	0	41
2111.09794v6	S5.T2	some cells	7	38	1	yes	7	7
2111.09794v6	S5.T3	some cells	6	38	1	yes	6	6
2112.04426v3	Sx1.T6	many cells	119	240	6	no	0	88
2112.04426v3	Sx1.T7	many cells	118	232	6	no	0	82
2112.04426v3	A6.T16	many cells	164	252	39	no	0	110
2112.04426v3	A6.T17	many cells	164	264	44	no	0	114
2112.04426v3	A6.T18	many cells	159	260	48	no	0	106
2112.04426v3	A6.T19	many cells	156	244	40	no	0	105
2112.04426v3	A6.T20	many cells	133	260	6	no	0	96
2112.04426v3	A6.T21	many cells	71	148	6	no	0	49
2112.09118v4	S4.T1	some cells	7	60	1	no	0	7
2112.09118v4	S4.T2	whole columns	38	209	1	no	0	0
2112.09118v4	S4.T3	some rows	10	35	1	no	0	2
2112.09118v4	S5.T4	some rows	78	225	1	no	0	6
2112.09118v4	S5.T5	some rows	20	60	1	no	0	2
2112.09118v4	A1.T10	whole columns	19	171	1	no	0	0
2112.09118v4	A1.T11	whole columns	35	214	1	no	0	0
2112.09118v4	A2.T13	some cells	58	180	1	no	0	30
2112.09118v4	A2.T14	some cells	58	180	1	no	0	30
2201.03545v2	S3.T1	some rows	80	219	1	no	0	16
2201.03545v2	S3.T2	some cells	15	51	1	no	0	15
2201.03545v2	S4.T3	some rows	56	155	1	no	0	7
2201.03545v2	S4.T4	some rows	24	63	1	no	0	6
2201.03545v2	A2.T8	some rows	45	99	1	no	0	5
2201.03545v2	A3.T10	some rows	12	57	1	no	0	4
2201.03545v2	A3.T11	some rows	12	57	1	no	0	4
2201.03545v2	A5.T12	many cells	29	77	1	no	0	14
2201.11903v6	A7.T20	some rows	7	17	1	no	0	7
2201.11903v6	A7.T21	some rows	3	13	1	no	0	3
2201.11903v6	A7.T22	alternate rows	4	9	1	no	0	0
2201.11903v6	A7.T23	alternate rows	8	17	1	no	0	0
2201.11903v6	A7.T24	some rows	6	16	1	no	0	6
2201.11903v6	A7.T25	alternate rows	6	13	1	no	0	0
2201.11903v6	A7.T26	some rows	3	13	1	no	0	3
2201.11903v6	A7.T27	some rows	3	17	1	no	0	3
2201.11903v6	A7.T28	some rows	7	25	1	no	0	7
2201.11903v6	A8.T29	alternate rows	8	17	1	no	0	0
2201.11903v6	A8.T30	alternate rows	8	17	1	no	0	0
2202.07646v3	A4.T1	many cells	12	33	11	no	0	12
2202.07922v2	S3.T1	some cells	26	118	1	yes	26	26
2202.07922v2	A6.T9	some cells	6	35	1	yes	4	4
2203.05794v1	S4.T1	many cells	19	53	3	no	0	9
2203.08913v1	S4.T8	some cells	2	24	3	yes	0	2
2204.01691v2	S5.T1	whole table	32	32	2	no	0	0
2204.01691v2	S5.T2	whole columns	102	106	1	no	0	0
2204.01691v2	S5.T3	whole columns	56	58	1	no	0	0
2204.01691v2	S5.T4	some rows	3	10	1	yes	3	3
2204.01691v2	A5.F16.sf1	whole table	16	16	2	no	0	0
2204.01691v2	A5.F17.sf1	whole table	16	16	2	no	0	0
2204.01691v2	A5.F18.sf1	whole table	16	16	2	no	0	0
2204.01691v2	A5.F19.sf1	whole table	16	16	2	no	0	0
2204.01691v2	A5.F20.sf1	whole table	12	12	2	no	0	0
2204.01691v2	A5.F21.sf1	whole table	16	16	2	no	0	0
2204.01691v2	A5.T6	some rows	14	16	2	no	0	14
2204.14198v2	A2.T8	some rows	27	150	1	no	0	1
2205.12454v4	S4.T2	many cells	56	101	33	no	0	23
2207.04043v1	S1.T1	some cells	4	84	1	yes	4	4
2207.07048v1	S1.T1	some cells	79	336	2	yes	0	79
2207.08815v1	A1.T1	many cells	26	39	2	no	0	20
2207.08815v1	A1.T2	many cells	22	36	2	no	0	18
2207.08815v1	A1.T3	many cells	13	24	2	no	0	11
2207.08815v1	A1.T4	many cells	9	21	2	no	0	9
2207.08815v1	A1.T5	some rows	20	22	2	no	0	10
2207.08815v1	A1.T6	some rows	16	18	2	no	0	8
2207.08815v1	A1.T7	some rows	20	22	2	no	0	10
2207.08815v1	A1.T8	some rows	10	12	2	no	0	5
2210.03629v3	A3.SS1.tab1	some cells	2	83	2	no	0	2
2210.03629v3	A3.SS1.tab2	some cells	2	91	2	no	0	2
2210.03629v3	A3.SS2.tab1	some cells	3	63	3	no	0	3
2210.03629v3	A3.SS2.tab2	some cells	1	56	1	no	0	1
2210.03629v3	A4.SS1.tab1	some cells	3	36	3	no	0	3
2210.03629v3	A4.SS1.tab2	some cells	3	36	3	no	0	3
2210.03629v3	A4.SS1.tab3	some cells	3	42	3	no	0	3
2210.03629v3	A4.SS1.tab4	some cells	3	34	3	no	0	3
2210.03629v3	A5.SS1.tab1	some cells	2	28	2	no	0	2
2210.03629v3	A5.SS1.tab2	some cells	2	30	2	no	0	2
2210.03629v3	A5.SS1.tab3	some cells	2	22	2	no	0	2
2210.03629v3	A5.SS1.tab4	some cells	1	12	1	no	0	1
2210.03629v3	A5.SS1.tab5	some cells	1	8	1	no	0	1
2210.03629v3	A5.SS1.tab6	some cells	2	26	2	no	0	2
2210.07197v1	S4.T3	whole columns	30	184	1	no	0	0
2210.07197v1	S4.T4	whole columns	30	184	1	no	0	0
2210.07197v1	S4.T5	whole columns	7	50	1	no	0	0
2210.07197v1	S4.T6	whole columns	5	36	1	no	0	0
2210.07197v1	A3.T9	whole columns	30	113	1	no	0	0
2210.07574v2	S3.T2	whole columns	3	35	1	no	0	0
2210.07574v2	S3.T3	some cells	1	18	1	no	0	1
2210.07574v2	S3.T7	some cells	7	46	1	no	0	7
2210.07574v2	S3.T11	some cells	12	142	1	no	0	12
2210.07574v2	A2.T12	some cells	3	12	1	no	0	3
2210.07574v2	A2.T13	some cells	2	10	1	no	0	2
2210.07574v2	A2.T14	some cells	2	10	1	no	0	2
2210.07574v2	A2.T16	some cells	2	18	1	no	0	2
2212.09251v1	A1.T10	some rows	1	3	2	no	0	1
2212.09251v1	A5.T11	some rows	1	3	2	no	0	1
2212.09251v1	A5.T12	some rows	1	3	2	no	0	1
2212.10450v2	S4.T1	some rows	12	48	2	no	0	3
2212.10450v2	S4.T2	some rows	24	96	2	no	0	4
2212.10450v2	S4.T3	some rows	8	40	2	no	0	2
2212.10450v2	S4.T4	some rows	18	76	2	no	0	3
2301.08243v3	S4.T1	some rows	12	53	1	no	0	3
2301.08243v3	S5.T2	some rows	9	47	1	no	0	3
2301.08243v3	S5.T3	some rows	4	33	1	no	0	1
2301.08243v3	S6.T4	some rows	3	26	1	no	0	1
2301.08243v3	S7.T6	some rows	6	35	1	no	0	1
2301.08243v3	S9.T7	some rows	4	12	1	yes	1	1
2301.08243v3	A3.T11	some rows	4	12	1	no	0	1
2301.08243v3	A3.T12	some rows	4	12	1	no	0	1
2301.08243v3	A3.T13	some rows	5	15	1	no	0	1
2301.08243v3	A3.T14	some rows	4	12	1	no	0	1
2301.08243v3	A4.T15	some rows	4	12	1	no	0	1
2302.12246v5	A10.T13	some rows	5	16	1	no	0	5
2302.12246v5	A10.T14	some rows	3	10	1	no	0	3
2302.12246v5	A10.T15	some rows	4	13	1	no	0	4
2302.12246v5	A10.T16	some rows	7	22	1	no	0	7
2302.12246v5	A10.T17	some rows	6	19	1	no	0	6
2302.12246v5	A10.T18	some rows	4	13	1	no	0	4
2303.05499v5	S3.T2	some cells	24	92	1	no	0	8
2303.05499v5	S4.T3	some cells	17	58	1	no	0	5
2303.05499v5	S4.T4	some rows	35	158	1	no	0	5
2303.05499v5	S4.T5	some cells	46	171	1	no	0	24
2303.05499v5	Pt0.A3.T18	whole columns	75	114	1	no	0	0
2303.10130v5	S3.T1	many cells	15	28	2	no	0	6
2303.10158v3	S2.T1	many cells	13	32	1	no	0	7
2303.12528v4	S4.T2	some rows	45	64	3	yes	0	15
2303.17564v3	A3.T19	many cells	28	50	13	no	0	13
2303.17564v3	A3.T20	some cells	64	253	49	no	0	52
2303.17651v2	A2.T5	whole columns	14	90	3	yes	0	0
2303.18223v19	S5.T10	some cells	30	170	5	no	0	30
2303.18223v19	S6.T13	some rows	25	46	5	yes	0	25
2303.18223v19	S7.T16	many cells	262	488	10	yes	0	134
2304.08069v3	S5.T3	some rows	4	28	1	no	0	1
2304.08069v3	S5.T4	some rows	4	12	1	no	0	1
2304.08069v3	S5.T5	some cells	1	49	1	no	0	1
2304.08069v3	S2.T2	some rows	22	211	2	no	0	2
2304.08485v2	S5.T7	some rows	40	115	1	no	0	4
2304.09842v3	S5.T3	some cells	45	259	3	yes	0	45
2304.09842v3	S5.T4	some cells	51	271	3	no	0	51
2304.14108v5	S1.T1	whole columns	36	48	2	no	0	0
2304.14108v5	S3.T2	whole columns	12	20	2	no	0	0
2304.14108v5	S4.T3	whole columns	205	243	2	no	0	0
2304.14108v5	A5.T4	some rows	16	24	2	no	0	2
2304.14108v5	A5.T5	some rows	15	25	2	no	0	3
2304.14108v5	A7.T6	some rows	9	12	2	no	0	3
2304.14108v5	A7.T7	many cells	12	20	2	no	0	6
2304.14108v5	A8.T8	many cells	26	51	2	no	0	12
2304.14108v5	A11.T9	some rows	18	28	2	no	0	6
2304.14108v5	A12.T10	whole columns	101	128	2	no	0	0
2304.14108v5	A12.T11	whole columns	101	128	2	no	0	0
2304.14108v5	A12.T12	some rows	278	331	2	no	0	2
2304.14108v5	A13.T13	whole columns	51	70	2	no	0	0
2304.14108v5	A14.T14	whole columns	32	45	2	no	0	0
2304.14108v5	A15.T15	whole columns	225	273	2	no	0	0
2304.14108v5	A16.T16	some rows	88	92	2	no	0	22
2304.14108v5	A16.T17	some rows	24	31	2	no	0	4
2304.14108v5	A16.T18	some rows	382	443	2	no	0	4
2304.14108v5	A17.T19	some rows	18	25	2	no	0	2
2304.14108v5	A17.T20	some rows	60	82	2	no	0	4
2304.14108v5	A17.T21	some rows	60	84	2	no	0	4
2304.14108v5	A18.T23	some rows	54	69	2	no	0	6
2304.14108v5	A18.T24	some rows	18	33	2	no	0	2
2304.14108v5	A18.T25	some rows	441	451	2	no	0	63
2304.14108v5	A18.T26	some rows	441	451	2	no	0	63
2304.14108v5	A18.T27	some rows	224	234	2	no	0	32
2304.14108v5	A18.T28	some rows	49	59	2	no	0	7
2305.00447v3	S3.T3	some cells	1	59	1	no	0	1
2305.03111v3	S6.T2	some cells	4	64	2	no	0	4
2305.03111v3	S6.T3	some cells	4	64	2	no	0	4
2305.03111v3	A2.T4	some rows	18	47	1	no	0	2
2305.03514v3	S5.T3	some cells	20	370	1	yes	20	20
2305.03514v3	S5.T4	whole columns	17	108	4	no	0	0
2305.03514v3	S6.T6	some cells	40	314	2	yes	0	16
2305.03514v3	S6.T7	some cells	10	62	2	yes	0	10
2305.14975v2	S1.T1	whole columns	135	201	107	yes	0	0
2305.14975v2	S1.T2	whole columns	72	111	63	no	0	0
2305.14975v2	S2.T3	whole columns	72	111	61	no	0	0
2305.14975v2	S2.T4	whole columns	72	111	64	no	0	0
2305.14975v2	S2.T5	whole columns	72	111	62	no	0	0
2305.15324v2	S2.T1	header row	2	20	1	no	0	0
2305.15324v2	Sx1.T3	header row	2	20	1	no	0	0
2305.18654v3	A3.T3	many cells	83	172	36	no	0	83
2305.18654v3	A3.T4	many cells	136	267	79	no	0	136
2306.01667v2	S3.T1	some rows	42	144	1	no	0	6
2306.01667v2	S4.T2	some rows	12	52	1	no	0	2
2306.01667v2	S4.T3	some cells	4	48	1	no	0	4
2306.01667v2	S4.T4	some rows	20	62	1	no	0	4
2306.01667v2	S4.T5	some rows	6	53	1	no	0	1
2306.01667v2	A4.T9	some rows	33	103	1	no	0	3
2306.01667v2	A4.T10	some rows	33	103	1	no	0	3
2306.01667v2	A4.T11	some rows	40	47	1	no	0	8
2306.01667v2	A4.T12	some rows	24	45	1	no	0	4
2306.09301v5	S5.T2	some rows	442	481	3	no	0	34
2306.09301v5	S6.T3	some rows	8	67	1	no	0	1
2306.09301v5	S6.T4	some rows	5	40	1	no	0	1
2306.11695v3	S3.T1	some cells	3	20	1	no	0	3
2306.11695v3	S4.T2	some rows	30	115	1	no	0	3
2306.11695v3	S4.T3	some rows	30	115	1	no	0	3
2306.11695v3	S5.T6.fig1	some rows	12	34	2	no	0	2
2306.11695v3	S5.T7	many cells	9	26	1	no	0	4
2306.11695v3	S5.T8	some rows	6	40	2	no	0	1
2306.11695v3	A2.T9	some rows	14	60	1	no	0	2
2306.11695v3	A2.T10	some rows	9	49	1	no	0	1
2306.11695v3	A2.T11	some rows	8	44	1	no	0	1
2306.11695v3	A2.T12	some rows	8	27	1	no	0	1
2306.11695v3	A2.T13	some rows	7	24	1	no	0	1
2306.11695v3	A4.T18	some rows	21	82	1	no	0	3
2306.11695v3	A4.T19	some rows	10	55	1	no	0	1
2306.11695v3	A4.T20	some rows	10	55	1	no	0	1
2306.11695v3	A4.T21	some rows	7	40	1	no	0	1
2306.11695v3	A4.T23	some rows	36	158	1	no	0	4
2306.11695v3	A4.T24	some rows	36	158	1	no	0	4
2306.11695v3	A4.T25	some rows	36	158	1	no	0	4
2306.11695v3	A4.T26	some rows	27	121	1	no	0	3
2306.11695v3	A4.T27	some rows	27	121	1	no	0	3
2306.11695v3	A4.T28	some rows	27	121	1	no	0	3
2306.13063v2	S5.T2	some cells	16	219	1	yes	16	16
2306.13063v2	A2.T11	header row	2	26	1	no	0	0
2306.13063v2	A6.T14	some cells	1	6	1	no	0	1
2306.13063v2	A6.T15	some cells	1	6	1	no	0	1
2306.13063v2	A6.T16	header row	1	2	1	no	0	0
2306.14048v3	S5.T3	some rows	6	39	1	yes	1	1
2306.14048v3	S5.T4	some rows	2	15	1	no	0	1
2306.15687v2	S5.T1	some rows	20	30	2	yes	0	5
2306.15687v2	S5.T2	some rows	6	58	1	no	0	1
2306.15687v2	S5.T3	some rows	78	224	1	no	0	0
2306.15687v2	S5.T4	some rows	14	39	1	no	0	2
2306.15687v2	S5.T5	some rows	4	24	1	no	0	1
2306.15687v2	S5.T7	some rows	16	71	1	no	0	4
2306.15687v2	A2.T2	some rows	6	32	1	no	0	1
2306.15687v2	A2.T5	some cells	3	101	1	no	0	3
2306.15687v2	A2.T6	some rows	7	45	1	no	0	1
2307.02483v1	S4.T1	some rows	7	227	1	no	0	1
2307.02483v1	A4.T5	some rows	5	162	1	no	0	1
2307.02483v1	A4.T6	some rows	5	157	1	no	0	1
2307.02483v1	A4.T7	some rows	5	162	1	no	0	1
2307.02483v1	A8.T9	some rows	5	158	1	no	0	1
2307.10928v4	A3.T2	many cells	31	56	9	no	0	11
2307.13702v1	S2.T1	some rows	2	5	2	no	0	2
2307.14338v2	A1.T10	many cells	107	145	5	yes	0	27
2308.00352v7	S4.T1	alternate rows	20	36	2	no	0	0
2308.00352v7	S4.T2	alternate rows	24	48	2	no	0	0
2308.00352v7	S4.T3	alternate rows	27	54	2	no	0	0
2308.00352v7	A3.T4	alternate rows	30	54	2	no	0	0
2308.00352v7	A3.T5	some rows	12	24	2	no	0	2
2308.00352v7	A3.T6	some rows	16	24	2	no	0	2
2308.00352v7	A3.T7	alternate rows	36	63	2	no	0	0
2308.04079v1	S6.T1	some cells	27	137	3	no	0	27
2308.04079v1	S7.T2	many cells	27	60	3	no	0	27
2308.04079v1	S7.T3	some cells	24	72	3	no	0	17
2308.07832v2	Sx5.T1	some rows	4	12	1	no	0	2
2308.07832v2	Sx6.T2	some rows	22	66	1	no	0	6
2308.10144v3	S5.T1	alternate rows	5	10	1	no	0	0
2308.10144v3	S5.T2	many cells	10	20	2	yes	0	2
2308.10144v3	S5.T3	alternate rows	10	22	1	no	0	0
2308.10144v3	A10.T5	many cells	30	85	1	no	0	30
2309.00770v3	S2.T1	some rows	22	45	4	no	0	11
2309.00770v3	S3.T3	many cells	93	156	6	no	0	93
2309.00770v3	S4.T4	some cells	52	518	4	yes	0	52
2309.00770v3	S5.T5	some rows	17	30	4	no	0	4
2309.01219v3	S2.T1	some cells	2	18	1	no	0	2
2309.01219v3	S2.T2	some cells	2	23	1	no	0	2
2309.01219v3	S2.T3	header row	5	75	1	no	0	0
2309.01219v3	S3.T4	header row	2	6	1	no	0	0
2309.01219v3	S3.T5	header row	2	8	1	no	0	0
2309.01219v3	S5.T6	header row	4	40	1	no	0	0
2309.01219v3	S5.T7	header row	2	12	1	no	0	0
2309.01219v3	S5.T8	header row	2	14	1	no	0	0
2309.01219v3	S5.T9	some rows	6	12	5	no	0	5
2309.01219v3	S5.T10	some rows	4	18	1	yes	2	2
2309.01219v3	S5.T11	header row	4	48	1	no	0	0
2309.01219v3	S6.T12	alternate rows	6	12	1	no	0	0
2310.03744v2	S3.T2	some rows	63	84	3	no	0	9
2310.03744v2	S3.T3	some rows	30	133	1	no	0	3
2310.03744v2	S3.T4	some rows	36	162	1	no	0	3
2310.04408v1	S5.T1	some rows	28	130	1	no	0	4
2310.04408v1	S5.T2	some rows	20	168	1	no	0	2
2310.04408v1	S6.T3	some rows	4	40	1	no	0	1
2310.04560v1	S3.T1	some rows	35	368	1	yes	5	5
2310.04560v1	S3.T2	alternate rows	28	66	1	yes	0	0
2310.04560v1	S4.T6	some rows	14	124	1	yes	2	2
2310.05736v2	S5.T1	some rows	30	113	1	no	0	2
2310.05736v2	S5.T2	some rows	21	126	1	no	0	3
2310.06770v3	A6.tab8	some rows	3	12	1	no	0	3
2310.06839v2	S5.T1	some rows	34	370	1	no	0	2
2310.06839v2	S5.T2	some rows	24	232	1	no	0	2
2310.06839v2	A3.T5	some rows	10	85	1	no	0	1
2310.06839v2	A3.T6	some rows	32	308	1	no	0	2
2310.06839v2	A3.T8	some rows	16	82	1	no	0	2
2310.13548v4	A2.T2	alternate rows	24	50	1	no	0	0
2310.13548v4	A4.T4	alternate rows	8	18	1	no	0	0
2310.16828v2	S4.T1	some rows	3	18	1	no	0	1
2310.20410v3	S4.T2	some rows	182	200	4	yes	0	13
2310.20410v3	A2.T7	some rows	182	200	4	yes	0	13
2310.20410v3	A2.T8	some rows	182	200	4	yes	0	13
2310.20410v3	A2.T9	some rows	182	200	4	yes	0	13
2310.20410v3	A2.T10	some rows	182	200	4	yes	0	13
2310.20410v3	A2.T11	some rows	182	200	4	yes	0	13
2310.20410v3	A2.T12	some rows	182	200	4	yes	0	13
2310.20410v3	A4.T16	some rows	168	186	4	yes	0	12
2311.16863v3	S4.T4	whole columns	64	110	52	no	0	0
2312.05328v4	S4.T1	some rows	7	45	1	no	0	1
2312.05328v4	S4.T2	many cells	24	65	19	yes	0	24
2312.05328v4	S4.T3	some rows	15	49	1	no	0	3
2312.05328v4	Pt0.A2.T5	some rows	10	34	1	no	0	2
2312.06681v4	S0.T1	some rows	4	5	2	no	0	4
2312.06681v4	S5.T3	some cells	14	84	2	yes	0	14
2312.06681v4	S6.T4	some cells	18	84	2	yes	0	18
2312.06681v4	A2.T6	some rows	4	8	2	no	0	4
2312.06681v4	A3.T7	whole table	8	8	1	no	0	0
2312.06681v4	A6.T10	some cells	20	84	2	no	0	20
2312.06681v4	A7.T11	some rows	28	35	2	no	0	28
2312.06681v4	A8.T12	whole columns	58	136	2	no	0	0
2312.06942v5	S2.T1	many cells	12	27	4	yes	0	6
2312.07577v3	S2.T1	many cells	58	102	2	no	0	58
2312.07577v3	A3.T2	many cells	45	64	2	no	0	45
2312.07577v3	A5.T3	whole columns	15	64	2	no	0	0
2312.07577v3	A5.T4	many cells	115	179	2	no	0	23
2312.07577v3	A5.T5	some rows	175	179	2	no	0	19
2312.07577v3	A5.T6	many cells	147	179	2	no	0	47
2312.07577v3	A5.T7	many cells	147	179	2	no	0	47
2312.07577v3	A5.T8	whole columns	159	179	2	no	0	0
2312.07577v3	A5.T9	many cells	143	179	2	no	0	51
2312.07577v3	A5.T10	many cells	147	179	2	no	0	47
2312.07577v3	A5.T11	some rows	97	100	2	no	0	19
2312.07577v3	A5.T13	whole columns	16	83	2	no	0	0
2312.07577v3	A5.T14	whole columns	19	60	2	no	0	0
2312.07577v3	A5.T15	some cells	24	103	2	no	0	20
2312.07577v3	A7.T18	many cells	64	143	2	no	0	64
2312.07577v3	A9.T19	some rows	2	135	1	no	0	2
2312.07577v3	A9.T20	some rows	3	130	1	no	0	3
2401.06102v4	S1.T1	some rows	16	70	1	yes	3	3
2401.06102v4	A1.T4	some rows	20	84	1	yes	3	3
2401.06209v2	S3.T1	some cells	30	155	6	yes	0	30
2401.06209v2	S4.T2	some cells	3	27	1	no	0	3
2401.06209v2	S4.T3	some cells	8	36	3	no	0	8
2401.06209v2	A3.T5	some cells	2	12	1	yes	2	2
2401.06209v2	A5.T7	some cells	3	44	3	no	0	3
2401.16380v1	S5.T1	whole columns	9	90	1	no	0	0
2401.16380v1	S5.T2	whole columns	9	63	1	no	0	0
2401.16380v1	S6.T3	whole columns	5	50	1	no	0	0
2401.16380v1	S6.T4	whole columns	5	35	1	no	0	0
2401.16380v1	S6.T5	whole columns	5	35	1	no	0	0
2401.16380v1	S6.T6	whole columns	5	50	1	no	0	0
2401.16380v1	A5.T8	whole columns	5	35	1	no	0	0
2401.16380v1	A5.T9	whole columns	5	50	1	no	0	0
2401.16380v1	A5.T10	whole columns	5	35	1	no	0	0
2401.16380v1	A5.T11	whole columns	5	50	1	no	0	0
2401.16380v1	A6.T12	whole columns	6	48	1	no	0	0
2401.17377v4	S5.T2	some rows	120	159	3	no	0	12
2402.00838v4	S4.T3	some rows	20	121	1	no	0	2
2402.00838v4	S4.T4	some rows	10	55	1	no	0	2
2402.00838v4	A2.T6	some rows	12	62	1	no	0	2
2402.00838v4	A3.T7	some rows	8	64	1	no	0	1
2402.06196v3	S6.T4	whole columns	56	90	8	no	0	0
2402.13446v3	A3.T1	header row	6	317	1	no	0	0
2402.13446v3	A3.T2	header row	6	333	1	no	0	0
2402.13446v3	A3.T3	header row	6	142	1	no	0	0
2402.13446v3	A3.T4	header row	6	394	1	no	0	0
2402.15391v1	S1.T1	some rows	3	12	1	no	0	1
2402.17753v1	S5.T2	some cells	13	82	5	no	0	5
2402.17753v1	S5.T3	whole columns	11	187	6	no	0	0
2402.17753v1	A2.T5	some cells	5	40	1	no	0	4
2402.17753v1	A4.T6	some cells	6	40	3	no	0	6
2402.17753v1	A4.T7	whole columns	6	24	1	no	0	0
2402.18679v4	S4.T1	some rows	8	37	1	yes	2	2
2402.19427v1	S3.T1	some rows	47	140	1	no	0	2
2402.19427v1	A3.T2	alternate rows	21	63	1	no	0	0
2402.19427v1	A4.T3	alternate rows	6	14	1	no	0	0
2403.12031v2	A1.T1	some rows	15	202	1	no	0	1
2403.12968v2	S4.T2	whole columns	34	255	1	no	0	0
2403.12968v2	S5.T6	some cells	12	80	1	no	0	12
2403.12968v2	A16.T10	some cells	4	40	1	no	0	4
2403.12968v2	A16.T11	some rows	18	114	1	no	0	2
2403.13787v2	A2.T7	whole columns	70	122	41	no	0	0
2404.05411v1	S6.T4	some cells	42	136	18	no	0	42
2404.05411v1	S6.T5	many cells	20	51	10	no	0	20
2404.05961v2	S3.T1	some rows	72	203	1	no	0	8
2404.05961v2	S5.T2	some rows	72	176	1	no	0	8
2404.05961v2	A7.T9	some cells	24	167	1	no	0	24
2404.07965v4	S3.T1	some cells	22	358	2	yes	0	22
2404.07965v4	S3.T2	some cells	16	166	1	no	0	16
2404.07972v2	S4.T5	some rows	6	226	1	no	0	1
2404.07972v2	A3.T14	some rows	10	339	1	no	0	1
2404.08471v1	S3.T2	some cells	12	85	1	no	0	12
2404.08471v1	S4.T3	some cells	4	23	1	no	0	4
2404.08471v1	S4.T4	some rows	3	26	1	no	0	1
2404.08471v1	S4.T6	some cells	26	236	1	no	0	26
2404.08471v1	S5.T7	some cells	12	66	1	no	0	7
2404.08471v1	A5.T12	some cells	4	22	1	no	0	4
2404.08471v1	A5.T13	some cells	10	43	2	yes	0	10
2404.08471v1	A5.T14	some cells	2	12	1	no	0	2
2404.13076v1	A1.T2	whole table	20	20	1	no	0	0
2404.13076v1	A1.T3	whole table	6	6	1	no	0	0
2404.13076v1	A2.T4	whole table	9	9	1	no	0	0
2404.13076v1	A3.T5	whole table	6	6	1	no	0	0
2404.13076v1	A4.T10	whole table	6	6	1	no	0	0
2404.16019v2	A7.T5	whole columns	228	246	2	no	0	0
2404.16019v2	A7.T6	whole columns	208	247	2	no	0	0
2404.16019v2	A7.T7	some rows	35	45	2	no	0	5
2404.16019v2	A8.T8	some rows	390	393	2	no	0	78
2404.16019v2	A9.T9	whole columns	107	117	2	no	0	0
2404.16019v2	A10.T10	whole columns	371	389	2	no	0	0
2404.16019v2	A13.T12	some rows	60	69	2	no	0	10
2404.16019v2	A13.T13	some rows	60	69	2	no	0	10
2404.16019v2	A13.T15	some rows	60	63	2	no	0	20
2404.16019v2	A13.T16	some rows	60	69	2	no	0	10
2404.16019v2	A13.T17	some rows	60	63	2	no	0	20
2404.16019v2	A13.T18	some rows	60	69	2	no	0	10
2404.16019v2	A13.T19	some rows	60	63	2	no	0	20
2404.16019v2	A13.T20	some rows	60	69	2	no	0	10
2404.16019v2	A19.T23	some rows	5	97	1	no	0	5
2404.16019v2	A22.T26	some cells	89	2168	4	no	0	89
2404.16019v2	A22.T27	some cells	25	757	4	no	0	25
2404.16019v2	A22.T28	some cells	28	506	4	no	0	28
2404.16019v2	A22.T29	some cells	19	257	2	no	0	19
2404.16789v3	S4.T1	some cells	48	202	2	no	0	48
2404.16789v3	S4.T2	some cells	85	380	3	no	0	85
2404.16811v2	S3.T1	some rows	9	85	1	no	0	1
2404.16811v2	S3.T2	some rows	11	145	1	no	0	1
2405.01470v1	A2.T11	some rows	10	22	2	no	0	5
2405.04517v2	A3.T10	some rows	2855	3438	127	no	0	571
2405.05175v2	S5.T1	whole columns	286	328	7	yes	0	0
2405.05175v2	S5.T4	some cells	6	45	2	no	0	6
2405.05175v2	S6.T6	whole columns	26	198	2	no	0	0
2405.05175v2	S6.T7	whole columns	8	53	2	no	0	0
2405.05175v2	A1.T1	many cells	189	245	4	no	0	91
2405.05175v2	A3.T7	whole columns	216	283	2	no	0	0
2405.16406v4	S4.T1	some rows	120	483	1	no	0	8
2405.16406v4	S4.T5	some rows	2	73	1	no	0	0
2405.16406v4	A1.T7	some rows	264	913	1	no	0	22
2405.16406v4	A1.T8	some rows	267	940	2	no	0	3
2405.16406v4	A1.T9	some rows	88	220	1	no	0	4
2405.16406v4	A1.T10	some rows	77	459	1	no	0	7
2406.03689v3	S3.T1	some rows	6	39	1	no	0	1
2406.03689v3	S3.T2	some rows	12	65	1	no	0	0
2406.03689v3	A4.T3	some rows	4	20	1	no	0	1
2406.03689v3	A4.T4	some rows	12	51	1	no	0	0
2406.04692v1	S3.T2	some rows	21	91	1	no	0	6
2406.04692v1	S3.T2.st1	some rows	9	39	1	no	0	3
2406.04692v1	S3.T2.st2	some rows	12	52	1	no	0	3
2406.05761v2	S4.T2	some rows	9	20	5	yes	0	9
2406.05761v2	S4.T4	some rows	10	22	9	yes	0	10
2406.06484v6	S4.T1	whole columns	21	350	1	no	0	0
2406.07791v9	S3.T1	some cells	2	24	1	yes	2	2
2406.07791v9	S3.T2	some cells	4	195	1	yes	4	4
2406.08464v2	S4.T1	some cells	7	183	1	no	0	7
2406.08464v2	S4.T3	some rows	9	117	1	no	0	1
2406.09246v3	A2.T4	some cells	4	133	1	no	0	4
2406.09246v3	A2.T5	some cells	3	60	1	no	0	3
2406.09246v3	A2.T6	some cells	4	98	1	no	0	4
2406.09246v3	A2.T7	some cells	10	136	1	no	0	10
2406.09246v3	A2.T8	some cells	6	54	1	no	0	6
2406.09246v3	A4.T9	some cells	3	60	1	no	0	3
2406.09246v3	A4.T10	some cells	8	64	1	no	0	8
2406.09246v3	A4.T11	some cells	3	60	1	no	0	3
2406.09279v2	S3.T1	whole columns	112	170	71	yes	0	0
2406.09279v2	S3.T2	many cells	84	113	56	yes	0	54
2406.09279v2	S3.T4	some cells	3	51	1	no	0	3
2406.11794v4	A5.T9	some rows	30	32	2	no	0	15
2406.11794v4	A17.T33	some rows	287	294	2	no	0	41
2406.16860v2	S3.T3	some cells	17	150	1	no	0	17
2406.16860v2	S5.T7	some cells	5	30	1	no	0	5
2406.16860v2	S5.T8	some cells	6	24	1	no	0	2
2406.16860v2	S6.T9	some rows	66	420	3	no	0	3
2406.16860v2	A4.T12	some cells	17	516	2	no	0	17
2406.16860v2	A4.T13	some cells	19	421	2	no	0	19
2406.16860v2	A4.T14	some cells	17	421	2	no	0	17
2406.16860v2	A4.T15	some cells	17	326	2	no	0	17
2406.16860v2	A4.T16	some cells	17	106	1	no	0	17
2406.16860v2	A5.T19	some cells	17	101	1	no	0	17
2406.16860v2	A5.T20	some cells	17	114	1	no	0	17
2406.17711v1	S4.T1	some rows	30	147	1	no	0	3
2406.17711v1	A1.T4	some rows	70	107	1	no	0	7
2406.17711v1	A1.T5	many cells	27	53	13	yes	0	27
2407.01492v2	S3.T1	some rows	10	48	1	yes	5	5
2407.01502v1	A3.T4	many cells	61	144	1	no	0	26
2407.02485v1	S5.T2	some cells	18	377	1	no	0	8
2407.02485v1	S5.T3	some rows	11	88	1	no	0	1
2407.02485v1	S5.T4	some rows	33	99	1	no	0	3
2407.02485v1	S5.T5	some rows	14	77	1	no	0	2
2407.02485v1	S5.T6	some cells	32	261	1	no	0	32
2407.02485v1	A5.T8	some rows	21	69	1	no	0	3
2407.04620v4	S4.T2	some cells	4	21	1	yes	4	4
2407.09777v2	S4.T2	alternate rows	90	186	1	no	0	0
2407.09777v2	S4.T3	alternate rows	90	186	1	no	0	0
2407.09777v2	S4.T4	alternate rows	99	204	1	no	0	0
2407.09777v2	S4.T5	alternate rows	81	168	1	no	0	0
2407.12220v2	S2.T1	whole columns	102	210	4	no	0	0
2407.12784v1	S4.T1	some rows	52	341	1	no	0	0
2407.12784v1	S4.T2	some rows	16	99	1	no	0	1
2407.16741v3	A7.T7	some cells	14	51	1	no	0	6
2407.21783v3	S1.T2	some cells	48	212	1	no	0	48
2408.00714v2	S5.T2	some rows	10	18	8	no	0	5
2408.00714v2	A1.T7	whole columns	60	134	26	no	0	0
2408.00714v2	A1.T9	some cells	6	162	1	yes	6	6
2408.00714v2	A1.T10	some cells	1	36	1	yes	1	1
2408.00714v2	A1.T11	some cells	1	36	1	yes	1	1
2408.00714v2	A7.T17	many cells	394	500	49	no	0	79
2409.17146v2	S5.T1	whole columns	28	436	1	no	0	0
2409.17146v2	S5.T2	some cells	6	81	1	yes	6	6
2409.17146v2	S5.T3	some cells	3	59	1	yes	3	3
2409.17146v2	S5.T4	some cells	4	45	1	yes	4	4
2409.17146v2	S6.T5	some cells	1	33	1	no	0	1
2409.17146v2	A1.T6	some cells	34	163	1	no	0	34
2409.17146v2	A2.T7	some rows	18	186	1	yes	3	3
2409.17146v2	A4.T9	some cells	2	100	1	no	0	2
2409.17146v2	A4.T12	some cells	1	21	1	yes	1	1
2409.17146v2	A4.T13	some cells	1	40	1	no	0	1
2409.17146v2	A5.T15	some cells	3	33	1	yes	3	3
2409.19606v3	A5.T10	some rows	9	45	1	no	0	1
2409.19606v3	A5.T11	some cells	4	20	1	no	0	4
2409.19606v3	A5.T12	whole columns	12	22	2	no	0	0
2409.19606v3	A12.T15	some rows	5	149	1	no	0	5
2409.19606v3	A12.T16	some rows	5	245	1	no	0	5
2409.19606v3	A12.T17	some rows	5	245	1	no	0	5
2409.19606v3	A12.T18	some rows	5	213	1	no	0	5
2409.19606v3	A12.T19	some rows	5	213	1	no	0	5
2409.19886v1	S4.T1	some rows	8	108	1	no	0	1
2409.19886v1	S4.T2	some rows	6	82	1	no	0	1
2409.19886v1	S4.T3	some rows	7	63	1	no	0	1
2409.19886v1	A1.T4	some rows	7	63	1	no	0	1
2409.19886v1	A1.T5	some rows	7	98	1	no	0	1
2409.19886v1	A1.T6	some rows	7	49	1	no	0	1
2409.19886v1	A1.T7	some rows	8	64	1	no	0	1
2409.19886v1	A8.T13	some rows	7	21	1	no	0	1
2410.00037v2	A5.T18	some rows	363	408	3	yes	0	33
2410.02694v3	A1.T5	whole columns	24	42	14	no	0	0
2410.02694v3	A2.T14	some rows	90	116	60	no	0	15
2410.02736v2	S2.T1	whole columns	13	39	2	no	0	0
2410.02736v2	S2.T2	alternate rows	54	123	1	no	0	0
2410.02736v2	A6.T7	some rows	104	251	1	no	0	6
2410.02736v2	A6.T8	some rows	24	64	1	no	0	4
2410.03751v4	S1.T1	whole table	40	40	2	no	0	0
2410.03751v4	S3.T2	some rows	179	180	2	no	0	45
2410.03751v4	S4.T3	whole table	100	100	2	no	0	0
2410.03751v4	S4.T4	whole table	15	15	2	no	0	0
2410.03751v4	S6.T6	whole columns	65	80	2	no	0	0
2410.03834v2	S1.T1	some rows	4	20	1	no	0	1
2410.05160v3	S4.T2	whole columns	127	168	3	no	0	0
2410.05160v3	S4.T3	whole columns	40	66	2	no	0	0
2410.05160v3	S4.T4	whole columns	46	77	3	no	0	0
2410.05160v3	A1.T5	whole columns	40	66	2	no	0	0
2410.05160v3	A1.T6	many cells	157	441	7	yes	0	21
2410.05160v3	A1.T7	whole columns	22	66	1	no	0	0
2410.05160v3	A1.T8	whole columns	22	66	1	no	0	0
2410.05160v3	A1.T9	whole columns	18	54	1	no	0	0
2410.05160v3	A1.T10	whole columns	18	54	1	no	0	0
2410.06940v4	S4.T2	some cells	25	198	5	no	0	25
2410.06940v4	A7.T8	some rows	27	153	1	no	0	3
2410.06940v4	A7.T9	some rows	9	63	1	no	0	1
2410.06940v4	A7.T10	some rows	10	90	1	no	0	1
2410.07095v6	S3.T2	whole columns	7	59	1	no	0	0
2410.07095v6	A1.T9	whole columns	21	38	3	no	0	0
2410.07137v2	S5.T3	some cells	6	52	1	no	0	6
2410.10813v2	A1.T5	some rows	5	19	1	yes	5	5
2410.10934v2	S2.T1	header row	3	37	2	no	0	0
2410.10934v2	S3.T2	header row	3	21	2	no	0	0
2410.10934v2	S3.T3	some rows	27	97	4	yes	0	9
2410.10934v2	S4.T4	header row	5	13	2	no	0	0
2410.10934v2	A2.SS2.tab1	header row	3	27	1	no	0	0
2410.10934v2	A11.T5	header row	9	19	2	no	0	0
2410.10934v2	A11.T6	some rows	5	10	2	no	0	3
2410.10934v2	A11.T7	some rows	9	18	2	no	0	5
2410.13788v2	S5.T1	some cells	18	95	1	yes	6	6
2410.18745v1	S4.T1	whole columns	16	81	2	no	0	0
2410.18745v1	S4.T2	some rows	20	156	1	no	0	3
2410.18745v1	S4.T3	whole columns	20	91	1	no	0	0
2410.18745v1	A1.T6	some rows	4	26	1	no	0	4
2410.18745v1	A1.T7	some rows	5	32	1	no	0	5
2410.24210v3	S4.T2	some cells	6	37	3	yes	0	6
2411.00027v3	S3.T1	many cells	14	32	6	no	0	4
2411.00027v3	S4.T3	many cells	13	24	4	no	0	4
2411.00027v3	S6.T4	many cells	53	110	5	no	0	53
2411.00027v3	S6.T5	whole columns	123	264	6	no	0	0
2411.05877v1	S4.T1	some rows	27	44	19	no	0	9
2411.05877v1	A4.T5	many cells	68	142	53	no	0	68
2411.15124v5	S0.T1	some cells	29	96	1	no	0	15
2411.15124v5	S1.T2	whole columns	28	154	1	no	0	0
2411.15124v5	S2.T3	many cells	15	39	1	no	0	5
2411.15124v5	S2.T4	whole columns	39	104	1	yes	3	0
2411.15124v5	S2.T5	whole columns	42	112	1	yes	3	0
2411.15124v5	S2.T6	whole columns	42	126	1	yes	3	0
2411.15124v5	S2.T7	many cells	72	138	1	yes	42	42
2411.15124v5	S3.T8	some cells	15	48	1	no	0	15
2411.15124v5	S4.T9	some rows	28	98	1	no	0	2
2411.15124v5	S4.T10	some rows	14	84	1	no	0	1
2411.15124v5	S5.T16	some cells	25	165	3	no	0	15
2411.15124v5	S5.T21	some rows	21	60	1	yes	7	7
2411.15124v5	S6.T22	many cells	7	20	1	yes	4	4
2411.15124v5	S6.T23	whole columns	26	122	1	no	0	0
2411.15124v5	S7.T24	many cells	79	160	2	no	0	37
2411.15124v5	A2.T37	some cells	19	92	1	no	0	19
2411.15124v5	A6.T45	header row	2	53	1	no	0	0
2412.03555v1	A5.T14	some rows	576	1190	1	no	0	24
2412.04984v2	A3.T17	some rows	96	152	2	no	0	32
2412.04984v2	A3.T18	some rows	48	76	2	no	0	16
2412.05579v2	S4.T1	many cells	110	282	1	no	0	20
2412.05579v2	S6.T2	some rows	68	153	1	no	0	13
2412.05579v2	S6.T3	some rows	48	112	1	no	0	9
2412.05579v2	S7.T5	some rows	16	34	1	no	0	8
2412.12591v2	S5.T2	some cells	26	528	1	no	0	26
2412.14093v2	S1.T1	some rows	20	32	18	no	0	5
2412.14093v2	S1.T2	many cells	24	42	22	no	0	15
2412.14093v2	A7.T14	whole columns	228	351	76	no	0	0
2412.14093v2	A7.T15	whole columns	352	537	87	no	0	0
2412.15204v2	S2.T1	some rows	30	156	1	no	0	6
2412.15204v2	S4.T2	whole columns	109	242	2	yes	0	0
2412.15204v2	S4.T3	alternate rows	40	88	1	no	0	0
2412.15204v2	A5.T4	whole columns	24	64	1	no	0	0
2412.15204v2	A5.T5	whole columns	127	280	2	no	0	0
2412.16855v2	S8.T7	header row	10	408	1	no	0	0
2412.16855v2	S8.T8	header row	9	155	1	no	0	0
2412.18407v2	A4.T1	many cells	116	323	2	no	0	116
2412.18407v2	A4.T2	many cells	124	337	2	no	0	124
2412.18407v2	A4.T3	many cells	124	337	2	no	0	124
2501.00656v3	S2.T1	some cells	10	36	1	no	0	4
2501.00656v3	S2.T3	many cells	15	42	1	no	0	5
2501.00656v3	S2.T4	many cells	32	44	2	yes	0	12
2501.00656v3	S2.T5	many cells	37	61	4	no	0	22
2501.00656v3	S2.T6	whole columns	322	346	6	no	0	0
2501.00656v3	S2.T7	some rows	338	357	4	no	0	26
2501.00656v3	S4.T8	some rows	18	40	1	no	0	6
2501.00656v3	S4.T9	some rows	96	115	6	no	0	8
2501.00656v3	S4.T10	some cells	14	82	1	no	0	14
2501.00656v3	S4.T11	alternate rows	17	45	1	no	0	0
2501.00656v3	S4.T12	some rows	70	73	6	no	0	14
2501.00656v3	S4.T13	many cells	45	59	6	no	0	40
2501.00656v3	S4.T14	some rows	33	77	1	no	0	3
2501.00656v3	S5.T15	some rows	39	77	1	no	0	3
2501.00656v3	S5.T16	some rows	96	156	2	no	0	8
2501.00656v3	S5.T18	some cells	6	40	1	yes	4	4
2501.00656v3	S6.T19	some rows	21	48	2	no	0	3
2501.00656v3	A1.T21	many cells	51	92	2	no	0	6
2501.00656v3	A2.T22	some rows	13	71	2	no	0	1
2501.00656v3	A2.T23	some rows	12	74	2	no	0	1
2501.00663v1	S5.T1	some cells	67	495	2	yes	0	67
2501.00663v1	S5.T2	some cells	25	107	2	yes	0	25
2501.00663v1	S5.T3	whole columns	14	161	1	yes	2	0
2501.00663v1	S5.T4	some cells	5	54	1	no	0	5
2501.00663v1	S5.T5	some cells	6	43	2	no	0	4
2501.05366v1	S4.T1	some rows	12	175	1	yes	1	1
2501.05366v1	S4.T2	some rows	5	39	1	no	0	1
2501.05366v1	S4.T3	some rows	13	143	1	yes	1	1
2501.05366v1	A2.T4	some rows	2	30	1	yes	2	2
2501.05366v1	A2.T5	some rows	2	30	1	yes	2	2
2501.05366v1	A2.T6	some rows	2	34	1	yes	2	2
2501.08313v1	S5.T8	whole columns	13	122	1	no	0	0
2501.08313v1	S5.T9	some rows	10	60	1	no	0	1
2501.08313v1	S5.T10	some rows	14	86	1	no	0	2
2501.08313v1	S5.T11	some rows	12	80	1	no	0	2
2501.08313v1	S5.T12	some rows	9	99	1	no	0	1
2501.08313v1	S6.T13	whole columns	12	115	1	no	0	0
2501.09136v4	S2.T1	header row	3	18	1	no	0	0
2501.09136v4	S6.T2	header row	4	44	1	no	0	0
2501.09136v4	S9.T3	header row	5	60	1	no	0	0
2501.09136v4	S13.T5	header row	3	70	1	no	0	0
2501.09747v1	S6.T1	whole columns	4	31	1	no	0	0
2501.12326v1	S5.T4	whole columns	15	359	1	no	0	0
2501.12326v1	S5.T5	some cells	21	185	1	no	0	21
2501.12326v1	S5.T6	some cells	9	88	1	no	0	9
2501.17148v3	S5.T1	some rows	12	80	1	yes	2	2
2501.17148v3	S5.T2	some rows	24	80	1	yes	4	4
2501.17148v3	S5.T3	some rows	24	80	1	no	0	4
2501.17148v3	A5.T4	some rows	12	64	1	no	0	2
2501.17148v3	A5.T4.st1	some rows	6	32	1	no	0	1
2501.17148v3	A5.T4.st2	some rows	6	32	1	no	0	1
2501.17148v3	A5.T5	some rows	24	76	1	no	0	4
2501.17148v3	A5.T5.st1	some rows	12	38	1	no	0	2
2501.17148v3	A5.T5.st2	some rows	12	38	1	no	0	2
2501.17148v3	A6.T6	some rows	12	64	1	no	0	2
2501.17148v3	A6.T6.st1	some rows	6	32	1	no	0	1
2501.17148v3	A6.T6.st2	some rows	6	32	1	no	0	1
2502.01534v3	S4.T1	whole columns	18	35	18	yes	0	0
2502.01534v3	S5.T2	some rows	3	16	15	no	0	1
2502.01534v3	S5.T3	some rows	9	16	9	no	0	3
2502.01926v3	S2.T1	some cells	5	32	1	yes	3	3
2502.01926v3	S4.T3	some cells	2	14	1	yes	2	2
2502.03387v3	S6.T1	whole columns	12	86	1	yes	1	0
2502.04382v3	S5.T1	many cells	72	90	4	no	0	32
2502.04382v3	A0.T5	many cells	114	132	4	no	0	46
2502.04382v3	A0.T6	many cells	150	168	4	no	0	58
2502.05167v3	S4.T3	some cells	19	143	1	yes	19	19
2502.05167v3	S4.T5	some cells	11	42	1	yes	11	11
2502.05167v3	A4.T10	some cells	39	147	1	yes	39	39
2502.05167v3	A6.T11	some cells	9	143	1	yes	9	9
2502.05167v3	A6.T12	some cells	35	143	1	yes	35	35
2502.05589v3	S3.T4	some cells	24	253	1	yes	24	24
2502.08606v2	S4.T1	some rows	9	18	2	no	0	8
2502.08606v2	S5.T2	some rows	16	20	2	no	0	4
2502.08606v2	S5.T3	some rows	12	15	2	no	0	4
2502.08606v2	A4.T4	many cells	14	18	2	no	0	6
2502.08606v2	A4.T5	some rows	16	20	2	no	0	4
2502.08606v2	A6.T6	many cells	22	42	2	no	0	13
2502.08606v2	A8.T8	whole columns	11	26	2	no	0	0
2502.08606v2	A9.T13	some rows	297	306	2	no	0	33
2502.08773v2	A6.T2	some cells	6	49	1	yes	6	6
2502.09597v1	A1.T5	some rows	276	713	1	no	0	24
2502.09597v1	A1.T6	some rows	184	483	1	no	0	16
2502.09597v1	A1.T7	some rows	92	253	1	no	0	8
2502.09597v1	A1.T8	some rows	414	713	1	no	0	36
2502.09597v1	A1.T9	some rows	276	483	1	no	0	24
2502.09597v1	A1.T10	some rows	138	253	1	no	0	12
2502.09597v1	A1.T11	some rows	414	713	1	no	0	36
2502.09597v1	A1.T12	some rows	276	483	1	no	0	24
2502.09597v1	A1.T13	some rows	138	253	1	no	0	12
2502.11176v4	S3.T2	some cells	11	72	2	no	0	7
2502.11176v4	S4.T3	whole columns	11	78	1	no	0	0
2502.12110v11	S4.T1	some rows	84	453	1	yes	6	6
2502.12110v11	S4.T2	some rows	7	28	1	no	0	1
2502.12110v11	S4.T3	some rows	11	50	1	no	0	1
2502.12110v11	A1.T5	some rows	66	357	1	yes	6	6
2502.12110v11	A1.T6	some rows	66	357	1	yes	6	6
2502.12110v11	A1.T7	some rows	33	119	1	no	0	3
2502.12143v3	S3.T1	whole columns	10	55	9	no	0	0
2502.12143v3	S3.T2	whole columns	10	55	8	no	0	0
2502.12143v3	A1.T7	whole columns	60	194	40	no	0	0
2502.12143v3	A2.T8	whole columns	59	194	41	no	0	0
2502.12143v3	A2.T9	some rows	120	146	18	no	0	10
2502.14786v1	S2.T1	many cells	180	535	1	no	0	70
2502.14786v1	S3.T5	many cells	72	191	1	no	0	16
2502.21321v2	S2.T1	header row	9	378	1	no	0	0
2502.21321v2	S6.T3	some rows	90	201	2	no	0	18
2503.12605v2	S2.T1	many cells	8	21	2	no	0	6
2503.12605v2	S4.T2	alternate rows	70	140	2	no	0	0
2503.12605v2	S5.T3	some rows	147	283	2	no	0	21
2503.12605v2	S6.T4	some rows	156	286	2	no	0	26
2503.18813v2	A7.T14	many cells	96	223	9	no	0	1
2503.18892v3	S2.T1	some rows	90	194	1	yes	10	10
2503.18892v3	S2.T2	some rows	60	127	1	yes	10	10
2503.20783v2	S2.T1	some rows	14	77	1	no	0	2
2503.20783v2	A2.T4	some rows	35	168	2	no	0	5
2503.24235v3	S3.T1	some rows	21	75	1	no	0	3
2503.24235v3	S3.T2	some rows	20	52	1	no	0	2
2503.24235v3	S3.T3	many cells	15	40	1	no	0	11
2503.24235v3	S6.T5	many cells	212	305	2	no	0	188
2504.01017v1	S4.T3	some cells	36	187	2	no	0	23
2504.01017v1	A2.T14	some cells	2	240	1	no	0	2
2504.01990v2	Ch1.T1	some rows	8	20	1	no	0	2
2504.01990v2	Ch1.T2	many cells	15	40	1	yes	10	10
2504.01990v2	Ch1.T3	some cells	1	90	1	no	0	1
2504.01990v2	Ch2.T1	alternate rows	30	65	1	no	0	0
2504.01990v2	Ch2.T2	some cells	7	98	1	no	0	7
2504.01990v2	Ch2.T3	alternate rows	30	60	1	no	0	0
2504.01990v2	Ch4.T1	many cells	33	77	1	no	0	10
2504.01990v2	Ch4.T2	some cells	18	56	1	no	0	18
2504.01990v2	Ch5.T1	alternate rows	9	21	1	no	0	0
2504.01990v2	Ch8.T2	some rows	8	20	1	no	0	2
2504.01990v2	Ch13.T1	alternate rows	14	30	1	no	0	0
2504.01990v2	Ch14.T1	alternate rows	21	49	1	no	0	0
2504.05108v4	S4.T1	many cells	80	197	1	yes	16	16
2504.05108v4	A1.T3	many cells	67	197	1	no	0	35
2504.08066v1	S1.T1	some rows	6	24	1	yes	1	1
2504.13837v5	S2.T1	some cells	2	25	1	no	0	2
2504.16084v3	S3.T1	some cells	6	153	1	no	0	6
2504.16084v3	S3.T2	some rows	24	79	1	no	0	6
2504.16084v3	A1.T4	some cells	4	120	1	no	0	4
2504.16929v1	S3.T1	header row	3	64	2	no	0	0
2504.20879v2	A5.T5	some rows	100	564	1	no	0	5
2505.03335v3	S4.T2	some cells	6	42	1	no	0	6
2505.03335v3	A3.T5	some rows	50	100	2	no	0	5
2505.05470v5	S5.T1	some cells	17	139	2	yes	0	11
2505.05470v5	S5.T2	some rows	27	78	1	no	0	3
2505.05470v5	S5.T3	some cells	7	48	1	yes	7	7
2505.05470v5	S5.T4	some rows	9	32	1	no	0	1
2505.06120v1	S6.T1	whole columns	266	344	76	yes	0	0
2505.06120v1	S7.T2	many cells	8	20	8	no	0	8
2505.06120v1	S7.T3	some rows	30	45	24	no	0	5
2505.06120v1	A4.T5	some rows	25	36	13	no	0	5
2505.06120v1	A6.T6	some rows	86	110	69	no	0	17
2505.06120v1	A6.T7	some rows	40	56	34	no	0	8
2505.10960v2	S4.T1	some cells	21	154	3	no	0	21
2505.10960v2	S4.T1.st1	some cells	9	68	3	no	0	9
2505.10960v2	S4.T1.st2	some cells	12	86	3	no	0	12
2505.10960v2	S4.T2	whole columns	50	70	5	no	0	0
2505.10960v2	A1.T4	some cells	8	150	3	no	0	8
2505.10960v2	A1.T5	some cells	8	91	2	no	0	8
2505.10960v2	A1.T6	some cells	10	51	3	no	0	10
2505.10960v2	A1.T7	whole columns	23	115	3	no	0	0
2505.10960v2	A1.T11	some cells	9	132	3	no	0	9
2505.10960v2	A1.T12	some cells	12	171	3	no	0	12
2505.11423v3	S3.T1	some cells	2	202	1	yes	2	2
2505.13995v2	S4.T3	whole columns	132	168	62	no	0	0
2505.13995v2	S4.T4	whole columns	119	166	67	no	0	0
2505.13995v2	A7.T12	whole columns	132	168	59	no	0	0
2505.15045v1	S4.T2	some rows	11	104	1	no	0	1
2505.15045v1	S5.T3	some rows	7	70	1	no	0	1
2505.15045v1	S5.T4	some rows	10	96	1	no	0	1
2505.15045v1	A3.T7	some cells	6	56	1	no	0	6
2505.22617v1	S4.T2	some rows	32	83	1	no	0	4
2505.23735v1	S6.T2	some cells	22	410	1	yes	22	22
2505.23735v1	S6.T3	some cells	32	135	2	yes	0	32
2505.23735v1	S6.T4	some cells	7	44	1	no	0	2
2505.24189v2	S4.T1	some rows	12	15	2	no	0	4
2505.24189v2	S6.T4	some cells	4	36	4	no	0	4
2505.24189v2	S6.T5	many cells	60	80	3	no	0	24
2506.01937v2	S3.T2	alternate rows	15	40	1	no	0	0
2506.01937v2	S4.T3	some rows	147	176	34	no	0	21
2506.01937v2	A5.T5	whole columns	126	171	26	no	0	0
2506.01937v2	A5.T6	some rows	49	64	17	no	0	7
2506.01937v2	A12.T9	whole columns	51	129	18	no	0	0
2506.01937v2	A13.T10	some rows	119	147	23	no	0	17
2506.06105v2	S4.T1	some cells	19	131	4	yes	0	19
2506.06105v2	S4.T2	some cells	12	207	4	yes	0	12
2506.06105v2	S5.T4	some rows	6	19	3	no	0	1
2506.06105v2	S5.T6	some rows	6	19	3	no	0	1
2506.06254v2	S2.T2	alternate rows	40	82	1	no	0	0
2506.06254v2	S3.T3	some rows	54	59	2	no	0	6
2506.06254v2	A8.T4	alternate rows	24	48	1	no	0	0
2506.09033v3	S5.T1	whole columns	285	287	3	no	0	0
2506.09033v3	S5.T2	many cells	127	133	3	no	0	13
2506.09033v3	A1.T3	whole columns	285	287	3	no	0	0
2506.09033v3	A1.T4	some rows	196	197	3	no	0	24
2506.09033v3	A1.T5	many cells	32	34	3	no	0	8
2506.09033v3	A1.T6	many cells	31	33	3	no	0	7
2506.09033v3	A1.T7	many cells	31	33	3	no	0	7
2506.13131v1	S1.T1	some rows	16	18	2	no	0	8
2506.13131v1	S3.T2	some rows	32	51	2	no	0	16
2506.13131v1	A1.T3	some rows	108	171	2	yes	0	54
2506.13695v4	S4.T7	whole columns	5	25	1	no	0	0
2506.13695v4	S4.T8	whole columns	4	20	1	no	0	0
2506.13695v4	S4.T9	whole columns	4	20	1	no	0	0
2506.18096v2	S3.T1	some cells	94	430	1	no	0	94
2506.18096v2	S3.T2	whole columns	69	166	2	no	0	0
2506.18096v2	S3.T3	some cells	67	225	1	no	0	67
2506.18096v2	S5.T4	many cells	61	110	2	yes	0	54
2506.18096v2	S5.T5	many cells	122	154	2	yes	0	26
2506.18096v2	S5.T6	some rows	54	66	2	no	0	9
2507.00432v2	S2.T1	some rows	39	129	2	yes	0	6
2507.00432v2	S3.T2	some rows	4	24	1	no	0	1
2507.00432v2	S5.T3	some cells	3	24	1	yes	3	3
2507.00432v2	S5.T4	some rows	12	42	1	no	0	2
2507.00432v2	A1.T5	whole columns	40	129	17	no	0	0
2507.00432v2	A1.T6	some rows	63	167	1	yes	9	9
2507.00432v2	A1.T8	many cells	12	20	6	yes	0	6
2507.02259v2	A1.T7	header row	1	27	1	no	0	0
2507.02833v3	S4.T1	some cells	12	36	3	no	0	1
2507.02833v3	S4.T2	header row	10	26	2	yes	0	0
2507.02833v3	S4.T5	some cells	2	18	2	no	0	2
2507.03724v4	S6.T3	some rows	8	64	1	no	0	1
2507.03724v4	S6.T4	some rows	9	72	1	no	0	1
2507.03724v4	S6.T5	some rows	14	136	1	no	0	2
2507.03724v4	S6.T6	whole columns	3	24	1	no	0	0
2507.03724v4	S6.T7	some rows	27	134	1	no	0	3
2507.03724v4	S6.T8	whole columns	56	252	1	yes	2	0
2507.04590v1	S2.T1	many cells	77	149	2	no	0	17
2507.04590v1	S4.T2	alternate rows	51	185	1	no	0	0
2507.04590v1	A1.T5	some rows	144	855	4	no	0	16
2507.05257v4	S4.T3	many cells	143	395	6	yes	0	113
2507.05257v4	S4.T4	some cells	6	83	1	no	0	6
2507.05257v4	A5.T7	some rows	12	149	4	no	0	2
2507.10524v3	S3.T3	some cells	61	212	2	no	0	1
2507.10524v3	S4.T4	some cells	13	116	1	yes	7	7
2507.10524v3	S4.T4.tab1	some cells	6	58	1	no	0	6
2507.10524v3	S4.T4.tab2	some rows	7	58	1	no	0	1
2507.10524v3	A4.T9	some rows	192	598	1	yes	12	12
2507.10524v3	A6.T10	some rows	56	327	1	yes	4	4
2507.10524v3	A6.T12	some rows	90	500	1	yes	6	6
2507.10524v3	A7.T13	some cells	64	327	1	yes	64	64
2507.10524v3	A7.T14	some rows	64	212	1	yes	4	4
2507.10524v3	A8.T15	some rows	96	391	1	no	0	6
2507.10524v3	A9.T17	some rows	10	22	3	yes	0	10
2507.13334v2	S3.T1	header row	3	24	1	no	0	0
2507.13334v2	S4.T2	whole table	30	30	3	no	0	0
2507.13334v2	S4.T3	header row	4	20	1	no	0	0
2507.13334v2	S4.T4	header row	5	25	1	no	0	0
2507.13334v2	S4.T5	header row	6	36	1	no	0	0
2507.13334v2	S5.T7	whole columns	27	261	2	no	0	0
2507.13334v2	S6.T8	many cells	47	70	2	no	0	47
2507.14417v2	S4.T1	some rows	90	112	5	no	0	10
2507.14417v2	A5.T4	some rows	135	160	5	no	0	15
2507.18624v2	S5.T8	some cells	4	33	1	no	0	4
2507.21046v4	S5.T4	some rows	32	36	2	no	0	8
2507.21046v4	S7.T5	alternate rows	15	35	1	no	0	0
2507.21046v4	S7.T6	alternate rows	16	51	1	no	0	0
2507.21046v4	S7.T8	some rows	8	24	1	no	0	2
2507.21046v4	S7.T9	some rows	3	12	1	no	0	1
2507.21046v4	S7.T10	alternate rows	20	44	1	no	0	0
2508.09874v2	S4.T1	some rows	7	37	2	yes	0	3
2508.09874v2	S5.T2	some rows	13	68	2	no	0	3
2508.09874v2	S5.T4	some rows	90	240	2	no	0	22
2508.09874v2	S6.T5	some rows	22	26	10	yes	0	8
2508.09874v2	S6.T6	some rows	11	36	2	no	0	1
2508.09874v2	S6.T7	some rows	8	24	2	no	0	2
2508.10104v1	A4.T27	some cells	4	95	1	yes	4	4
2508.19828v5	S3.T1	some rows	64	252	1	no	0	2
2508.19828v5	A6.T5	some rows	16	55	1	no	0	4
2509.02547v5	S3.T3	some rows	25	69	1	yes	9	9
2509.08713v2	S2.T1	alternate rows	28	56	1	no	0	0
2509.08713v2	S5.T5	some rows	14	147	1	yes	2	2
2509.08713v2	S5.T6	some rows	35	147	1	yes	5	5
2509.08825v2	S5.T3	some cells	11	126	2	yes	0	11
2509.08825v2	A5.T8	some rows	703	722	2	no	0	37
2509.08825v2	A5.T9	whole columns	704	741	2	no	0	0
2509.08825v2	A5.T11	whole columns	182	190	2	no	0	0
2509.08825v2	A5.T12	some cells	10	89	2	yes	0	10
2509.08825v2	A5.T14	many cells	57	138	1	no	0	22
2509.13244v1	Sx5.T4	some rows	6	42	1	no	0	1
2509.15265v1	S4.T3	some rows	54	66	2	no	0	9
2509.15265v1	S4.T4	some rows	18	30	2	no	0	3
2509.15265v1	S4.T5	some rows	12	24	2	no	0	2
2509.15265v1	S4.T6	some rows	6	18	1	no	0	1
2509.15265v1	S4.T7	some rows	24	36	2	no	0	4
2509.15265v1	S7.T8	some rows	73	90	2	no	0	10
2509.25140v2	S4.T1	some rows	3	224	1	no	0	3
2509.25140v2	S4.T2	some rows	2	23	1	no	0	2
2509.25140v2	S4.T3	some rows	2	122	1	no	0	2
2509.25911v1	S4.T1	some rows	90	110	2	no	0	10
2509.25911v1	S4.T2	some rows	110	132	2	no	0	10
2509.25911v1	S4.T3	some rows	54	72	2	no	0	6
2509.25911v1	S4.T4	many cells	90	117	2	no	0	50
2509.25911v1	A3.T9	many cells	110	139	2	no	0	60
2510.04871v1	S5.T4	some cells	2	34	1	no	0	2
2510.04871v1	S5.T5	some cells	4	46	1	no	0	4
2510.06552v2	S2.T1	whole columns	7	43	2	no	0	0
2510.06552v2	S3.T2	some cells	7	66	2	no	0	7
2510.06552v2	S4.T3	some rows	8	48	3	no	0	1
2510.06552v2	A3.T5	some rows	11	76	3	no	0	1
2510.11690v1	S3.T1	some rows	9	43	1	yes	4	4
2510.11690v1	S3.T1.sf1	some rows	2	10	1	no	0	1
2510.11690v1	S3.T1.sf2	some rows	3	15	1	no	0	1
2510.11690v1	S3.T1.sf3	some rows	2	8	1	no	0	1
2510.11690v1	S3.T1.sf4	some rows	2	10	1	no	0	1
2510.11690v1	S4.T4	some rows	2	6	1	no	0	1
2510.11690v1	S4.T5	some rows	2	9	1	no	0	1
2510.11690v1	A5.T14	some cells	30	99	1	yes	30	30
2510.11690v1	A7.T15	some cells	7	39	1	yes	3	3
2510.11690v1	A7.T15.sf1	some rows	3	12	1	no	0	1
2510.11690v1	A7.T15.sf2	some rows	3	12	1	no	0	1
2510.11690v1	A7.T15.sf3	some cells	1	15	1	no	0	1
2510.11690v1	A7.T17	some cells	3	36	1	yes	3	3
2510.13928v2	S3.T2	whole columns	196	267	108	yes	0	0
2510.13928v2	A2.T4	whole columns	242	351	113	no	0	0
2510.13928v2	A2.T5	many cells	225	351	96	no	0	225
2510.13928v2	A2.T6	whole columns	261	351	102	no	0	0
2510.13928v2	A2.T7	many cells	213	351	96	no	0	213
2510.15103v1	S6.T1	some rows	22	63	83	yes	0	22
2510.16732v3	S3.T1	many cells	563	1256	2	no	0	563
2510.16732v3	S3.T2	many cells	324	663	2	no	0	324
2510.16732v3	S5.T4	header row	5	95	1	no	0	0
2510.16732v3	S5.T5	whole columns	42	297	1	no	0	0
2510.16732v3	S5.T6	some rows	7	67	1	no	0	1
2510.16732v3	S5.T8	whole columns	46	256	1	no	0	0
2510.17558v1	S4.T2	whole columns	128	346	5	no	0	0
2510.17558v1	S4.T3	whole columns	32	128	4	no	0	0
2510.17881v3	S5.T1	some rows	20	113	1	no	0	2
2510.17881v3	S5.T2	some rows	75	91	37	no	0	8
2510.17881v3	S5.T3	some rows	37	51	24	no	0	4
2510.17881v3	S5.T4	some rows	37	51	23	no	0	4
2510.17881v3	S5.T5	some rows	34	146	1	no	0	2
2510.17881v3	S5.T6	some rows	8	33	1	no	0	2
2510.17881v3	S5.T7	some rows	8	33	1	no	0	2
2510.17881v3	A5.T9	some rows	37	51	24	yes	0	4
2510.18234v1	S3.T3	some cells	2	329	2	no	0	2
2510.18866v4	S4.T2	whole columns	282	320	5	no	0	0
2510.18866v4	S5.T3	some rows	170	184	4	no	0	19
2510.18866v4	A3.T7	some rows	98	107	4	no	0	14
2510.18866v4	A3.T8	some rows	144	155	2	no	0	18
2510.18866v4	A3.T9	some rows	304	318	2	no	0	35
2510.20809v1	S4.tab1	some cells	3	22	3	no	0	3
2510.20809v1	S4.tab2	some rows	4	17	3	no	0	0
2510.20809v1	S4.tab3	some rows	8	25	2	no	0	2
2510.20809v1	S5.T2	some rows	12	89	1	no	0	1
2510.20809v1	S5.T3	some rows	7	93	1	no	0	1
2510.20809v1	A1.T4	some cells	24	122	2	no	0	24
2510.20809v1	A1.T5	some cells	24	130	2	no	0	24
2510.20809v1	A1.T6	some rows	36	124	2	no	0	0
2510.20809v1	A1.T7	some rows	36	141	2	no	0	0
2510.20809v1	A1.T8	some rows	32	124	2	no	0	0
2510.20809v1	A1.T9	some rows	36	111	2	no	0	0
2510.20809v1	A1.T10	some rows	16	76	2	no	0	0
2510.20809v1	A1.T11	some rows	28	90	2	no	0	0
2510.20809v1	A1.T12	some rows	20	104	2	no	0	0
2510.20809v1	A1.T13	some rows	24	96	2	no	0	0
2510.20809v1	A1.T14	some rows	28	100	2	no	0	0
2510.20809v1	A1.T15	some rows	32	107	2	no	0	0
2510.20809v1	A1.T16	some rows	28	95	2	no	0	0
2510.20809v1	A1.T17	some rows	28	96	2	no	0	0
2510.20809v1	A1.T18	some cells	15	65	2	no	0	3
2510.20809v1	A1.T19	some cells	11	54	2	no	0	3
2510.20809v1	A1.T20	some rows	12	43	2	no	0	0
2510.20809v1	A1.T21	some rows	20	64	2	no	0	0
2510.21204v1	S4.T2	some cells	8	200	2	no	0	8
2510.21204v1	S4.T3	some cells	8	65	2	yes	0	8
2510.21204v1	S4.T4	some cells	8	119	2	yes	0	8
2510.21204v1	S4.T5	some cells	20	146	1	yes	20	20
2510.21204v1	S4.T6	some cells	11	193	2	no	0	11
2510.21204v1	A3.T11	some cells	28	146	1	no	0	28
2510.21204v1	A3.T12	some cells	12	65	2	no	0	12
2510.21204v1	A3.T13	some cells	8	218	2	no	0	8
2510.21204v1	A3.T14	some cells	8	218	2	no	0	8
2510.21204v1	A3.T15	some cells	8	200	2	no	0	8
2510.21204v1	A3.T16	some cells	8	218	2	no	0	8
2510.21204v1	A3.T17	some cells	9	329	2	no	0	9
2510.21204v1	A3.T18	some cells	8	119	2	no	0	8
2510.22780v2	A3.T6	some cells	2	24	1	no	0	2
2510.22780v2	A4.T8	some cells	5	50	2	yes	0	5
2510.24701v3	S4.T1	some rows	8	98	1	no	0	1
2510.26692v2	S5.T1	some rows	4	29	1	yes	1	1
2510.26692v2	S5.T5	some rows	10	52	1	no	0	1
2510.26692v2	S6.T6	some cells	3	42	2	no	0	1
2510.26692v2	S7.T7	some rows	2	33	1	no	0	1
2510.26692v2	A4.T8	some cells	21	93	1	no	0	21
2510.26692v2	A4.T9	some cells	18	63	1	no	0	18
2511.03506v3	S6.T3	many cells	132	179	69	yes	0	66
2511.08798v2	S6.T3	some rows	42	175	2	yes	0	3
2511.08798v2	S8.T4	some rows	13	76	1	no	0	1
2511.08798v2	A3.T6	some cells	42	234	4	no	0	36
2511.08798v2	A3.T7	some cells	55	314	6	no	0	49
2511.08798v2	A3.T8	some cells	31	174	5	no	0	25
2511.08798v2	A3.T9	some cells	30	173	6	no	0	24
2511.08798v2	A3.T10	some cells	32	176	5	no	0	26
2511.08798v2	A3.T11	header row	4	77	6	no	0	0
2511.13593v3	S4.T2	some rows	22	164	1	yes	2	2
2511.13593v3	S4.T3	some rows	8	56	1	no	0	1
2511.13593v3	S4.T4	some rows	4	16	1	no	0	1
2511.16719v2	S6.T1	some rows	18	211	1	yes	1	1
2511.16719v2	S6.T4	some rows	11	96	1	no	0	1
2511.16719v2	S6.T8	some rows	4	90	1	no	0	1
2511.16719v2	A1.T11	some rows	10	88	1	no	0	1
2511.16719v2	A1.T12	some rows	10	80	1	no	0	1
2511.16719v2	A4.SS2.tab1	some rows	54	3241	2	yes	1	4
2511.16719v2	A6.T32	some rows	9	123	1	yes	1	1
2511.16719v2	A6.T38	some rows	45	457	1	no	0	3
2511.23101v1	S3.T2	whole columns	171	224	2	no	0	0
2511.23101v1	S3.T3	whole columns	174	228	2	no	0	0
2512.13961v2	S2.T1	many cells	183	256	3	no	0	23
2512.13961v2	S3.T2	whole columns	572	601	3	no	0	0
2512.13961v2	S3.T3	whole columns	572	601	3	no	0	0
2512.13961v2	S3.T4	many cells	31	69	1	no	0	10
2512.13961v2	S3.T5	many cells	77	160	1	no	0	17
2512.13961v2	S3.T6	some rows	9	40	1	yes	1	1
2512.13961v2	S3.T7	some rows	7	30	1	no	0	1
2512.13961v2	S3.T8	some rows	9	29	1	no	0	1
2512.13961v2	S3.T9	some rows	9	29	1	no	0	1
2512.13961v2	S3.T10	some rows	8	27	1	no	0	1
2512.13961v2	S3.T11	alternate rows	36	82	1	no	0	0
2512.13961v2	S3.T12	whole columns	130	160	3	no	0	0
2512.13961v2	S3.T13	some rows	385	401	3	no	0	35
2512.13961v2	S4.T14	many cells	160	219	3	no	0	24
2512.13961v2	S4.T15	many cells	177	243	3	no	0	24
2512.13961v2	S4.T16	some rows	171	203	2	no	0	0
2512.13961v2	S4.T17	many cells	34	90	1	no	0	22
2512.13961v2	S4.T18	whole columns	9	101	1	no	0	0
2512.13961v2	S4.T19	many cells	31	92	1	no	0	25
2512.13961v2	S4.T20	some cells	20	80	1	no	0	20
2512.13961v2	S4.T21	whole columns	6	74	1	no	0	0
2512.13961v2	S4.T22	whole columns	5	62	1	no	0	0
2512.13961v2	S4.T23	some cells	7	25	1	no	0	7
2512.13961v2	S4.T24	whole columns	26	37	2	no	0	0
2512.13961v2	S5.T25	many cells	228	311	3	no	0	28
2512.13961v2	S5.T26	many cells	208	283	3	no	0	28
2512.13961v2	S5.T27	some rows	12	24	1	no	0	2
2512.13961v2	S5.T28	whole columns	10	102	1	no	0	0
2512.13961v2	S5.T30	many cells	63	145	1	no	0	39
2512.13961v2	S5.T32	whole columns	8	90	1	no	0	0
2512.13961v2	Ax2.T33	many cells	14	28	1	no	0	8
2512.13961v2	Ax2.T34	alternate rows	24	48	2	no	0	0
2512.13961v2	Ax2.T35	many cells	38	78	2	no	0	14
2512.13961v2	Ax2.T36	alternate rows	16	36	1	no	0	0
2512.13961v2	Ax2.T37	alternate rows	48	105	2	no	0	0
2512.13961v2	Ax2.T39	some rows	40	48	2	no	0	10
2512.13961v2	Ax2.T40	some rows	24	28	2	no	0	6
2512.13961v2	Ax2.T41	alternate rows	42	91	1	no	0	0
2512.13961v2	Ax2.T42	alternate rows	18	36	1	no	0	0
2512.13961v2	Ax2.T43	alternate rows	8	16	1	no	0	0
2512.13961v2	Ax2.T44	alternate rows	8	16	1	no	0	0
2512.13961v2	Ax2.T45	many cells	114	159	4	no	0	54
2512.13961v2	Ax2.T46	whole columns	397	456	3	no	0	0
2512.13961v2	Ax2.T47	some rows	8	20	1	no	0	2
2512.13961v2	Ax2.T48	alternate rows	20	40	1	no	0	0
2512.13961v2	Ax2.T49	some rows	40	90	1	no	0	8
2512.13961v2	Ax2.T50	alternate rows	63	135	1	no	0	0
2512.13961v2	Ax2.T51	whole columns	13	145	1	no	0	0
2512.13961v2	Ax2.T52	whole columns	14	157	1	no	0	0
2512.13961v2	Ax2.T53	whole columns	14	158	1	no	0	0
2512.13961v2	Ax2.T54	whole columns	14	144	1	no	0	0
2512.13961v2	Ax2.T55	whole columns	14	172	1	no	0	0
2512.24601v3	S4.T1	some rows	40	123	1	yes	8	8
2512.24695v1	S9.T1	some rows	40	176	1	yes	4	4
2512.24695v1	S9.T2	some rows	24	298	1	no	0	2
2512.24695v1	S9.T5	some rows	14	110	1	no	0	1
2512.24695v1	S9.T6	some rows	3	29	1	no	0	1
2512.24880v2	S5.T4	some rows	9	54	1	no	0	1
2601.05505v2	S4.T1	some cells	2	89	2	no	0	2
2601.05505v2	S4.T2	some cells	2	89	2	no	0	2
2601.05505v2	S4.T3	whole columns	30	63	11	yes	0	0
2601.07767v1	S3.T1	some rows	90	103	3	yes	0	10
2601.08620v2	S4.T1	whole columns	18	241	1	no	0	0
2601.08620v2	S4.T2	some cells	5	66	1	no	0	5
2601.08620v2	S4.T3	some cells	12	163	1	no	0	12
2601.08620v2	A5.T9	whole columns	22	224	1	no	0	0
2601.08620v2	A5.T10	whole columns	17	106	1	no	0	0
2601.08620v2	A5.T11	whole columns	5	64	1	no	0	0
2601.08620v2	A8.T20	whole columns	3	40	1	no	0	0
2601.08620v2	A9.T22	whole columns	8	84	1	no	0	0
2601.11868v1	A2.T3	alternate rows	42	88	1	no	0	0
2601.11868v1	A3.T4	many cells	31	41	2	no	0	21
2601.12078v2	S4.T1	some cells	3	188	1	yes	3	3
2601.12078v2	A0.T3	some cells	2	76	1	yes	2	2
2601.13722v1	S3.T1	some rows	8	29	1	no	0	2
2601.13722v1	S3.T2	some cells	51	207	8	yes	0	23
2601.13722v1	A2.T6	some cells	26	109	6	no	0	12
2601.17087v2	S4.T4	some cells	8	69	2	yes	0	8
2602.02007v4	A2.T4	some rows	18	76	1	yes	3	3
2602.06052v4	S3.T2	many cells	9	26	4	no	0	6
2602.12116v1	S5.T2	header row	3	40	1	no	0	0
2602.12116v1	S5.T5	header row	5	40	1	no	0	0
2602.14038v1	S4.T1	some rows	16	80	2	no	0	2
2602.14038v1	S4.T2	some cells	32	245	2	no	0	32
2602.14038v1	S4.T3	some rows	7	51	1	no	0	1
2602.14038v1	S4.T4	some rows	13	82	1	no	0	1
2602.15012v1	S4.T3	some cells	14	56	2	yes	0	14
2602.22680v2	S7.T2	whole columns	55	57	2	no	0	0
2602.22680v2	S7.T3	whole columns	295	352	4	no	0	0
2603.11245v2	S3.T1	some rows	128	144	3	no	0	16
2603.11245v2	A1.T4	some rows	248	264	3	no	0	31
2603.12595v1	S5.T1	some cells	16	77	1	no	0	16
2603.12595v1	S5.T2	some cells	2	39	1	no	0	2
2603.12595v1	A4.T4	some cells	3	30	1	no	0	3
2603.12595v1	A4.T5	some cells	6	40	1	no	0	6
2603.12595v1	A4.T6	some rows	2	20	1	no	0	1
2603.19220v2	S5.T5	some rows	4	42	1	no	0	1
2603.19220v2	S6.T6	some rows	20	177	1	no	0	2
2603.22489v1	S6.T19	some rows	28	40	3	yes	0	4
2603.22489v1	S6.T20	whole columns	7	32	3	no	0	0
2603.22489v1	S6.T21	whole columns	7	32	3	no	0	0
2603.22489v1	S6.T22	whole columns	7	32	3	no	0	0
2603.22489v1	S6.T23	whole columns	7	32	3	no	0	0
2603.26680v2	S1.T1	some rows	110	126	3	no	0	11
2604.12596v1	S4.T3	some cells	28	299	2	no	0	28
2604.12596v1	S4.T4	some cells	14	45	2	no	0	8
2604.12596v1	S4.T5	some cells	14	107	2	no	0	14
2604.12596v1	S4.T6	some cells	32	160	2	no	0	32
2604.12596v1	S4.T7	some cells	26	231	2	no	0	26
2604.12596v1	S4.T8	some rows	8	39	2	no	0	2
2604.12596v1	S4.T9	many cells	22	53	2	no	0	19
2604.16548v2	S3.T2	some cells	3	36	1	no	0	3
2604.16548v2	A1.T3	header row	4	24	1	no	0	0
2604.22085v1	S3.T1	some rows	19	36	2	no	0	3
2604.22085v1	S3.T2	alternate rows	24	56	1	no	0	0
2604.22085v1	S4.T7	alternate rows	6	16	1	no	0	0
2604.22085v1	S4.T8	some rows	4	12	1	no	0	2
2604.22085v1	S4.T9	some rows	34	72	2	no	0	6
2604.22085v1	S4.T10	some rows	12	30	2	no	0	2
2604.24977v1	S5.T1	whole columns	600	729	2	no	0	0
2604.24977v1	A6.T11	many cells	124	160	2	no	0	118
2605.05583v2	S4.T1	some cells	4	111	1	no	0	4
2605.05583v2	S4.T2	some rows	26	139	1	no	0	2
2605.13307v1	S3.T1	whole columns	4	15	4	no	0	0
2605.13307v1	A1.T1	whole columns	362	403	2	no	0	0
2605.13307v1	A1.T2	some rows	260	263	2	no	0	52
2605.13307v1	A1.T3	some rows	60	62	2	no	0	10
2605.13307v1	A3.T4	whole table	20	20	2	no	0	0
2605.13307v1	A3.T5	whole table	42	42	2	no	0	0
2605.13307v1	A3.T6	whole table	14	14	2	no	0	0
2605.13986v2	A8.T18	some cells	300	1111	3	yes	0	300
2605.18421v2	S5.T3	some cells	36	145	2	no	0	36
2605.18421v2	S5.T4	some cells	89	410	2	no	0	69
2605.18421v2	S5.T5	some cells	58	271	2	no	0	43
2605.18421v2	S5.T6	some cells	77	297	3	no	0	61
2605.18421v2	A3.T14	some rows	21	410	1	no	0	1
2605.28009v1	S6.T3	some rows	5	20	1	no	0	1
2606.02245v1	A2.T4	header row	1	31	1	no	0	0
2606.02245v1	A2.T5	header row	1	24	1	no	0	0
2606.03135v1	S4.T1	some rows	7	45	1	no	0	1
2606.03135v1	S4.T2	some rows	7	66	1	no	0	1
2606.03135v1	S4.T3	some rows	42	143	1	no	0	6
2606.06614v1	S4.T1	some rows	2	14	2	no	0	1
2606.06614v1	S4.T2	alternate rows	30	60	2	no	0	0
2606.06614v1	S5.T3	some rows	10	45	1	no	0	2
2606.24775v1	S2.T1	some cells	8	151	1	no	0	2
2607.01071v2	S3.T1	some rows	2	218	3	no	0	2
2607.01071v2	A5.T3	some rows	5	518	3	no	0	5
2607.01071v2	A5.T4	some rows	194	229	6	no	0	18
2607.01071v2	A5.T5	some rows	2	357	3	no	0	2
2607.01071v2	A5.T6	some rows	2	357	3	no	0	2
2607.01071v2	A6.T7	whole columns	86	205	28	yes	0	0
2607.05969v2	A5.T12	some rows	11	91	1	no	0	1
2607.20548v1	S5.T5	some rows	21	119	1	no	0	3
2607.20548v1	A2.T7	some rows	18	103	1	no	0	3
2608.00009v1	S2.T2	some rows	6	48	1	no	0	1
