n	paper	float	pattern	caption names it
1	2404.08471v1	A5.T12	some cells	no
2	2601.05505v2	S4.T1	some cells	no
3	2210.03629v3	A4.SS1.tab2	some cells	no
4	2110.12088v2	S1.T1	some cells	no
5	2603.12595v1	S5.T2	some cells	yes
6	2501.00663v1	S5.T2	some cells	yes
7	2409.17146v2	A4.T12	some cells	yes
8	2505.05470v5	S5.T1	some cells	yes
9	2106.03253v2	S3.T3	some rows	no
10	2111.07832v3	A6.T20	some rows	no
11	2502.12110v11	S4.T2	some rows	no
12	2306.11695v3	A4.T27	some rows	no
13	2501.17148v3	S5.T1	some rows	yes
14	2501.05366v1	S4.T3	some rows	yes
15	2512.24601v3	S4.T1	some rows	yes
16	2510.20809v1	A1.T17	some rows	yes
