rendering	title chars	formulas in HTML	picture formulas	picture chars	par numbers	par text	undefined, classed	colour macros	citeauthoryear	raw cite	diaghead
0711.0189v1	4977	0	0	0	0	0	0	0	0	0	0
0902.2206v5	3523	0	0	0	0	0	0	0	0	0	0
1003.0146v2	7627	0	0	0	0	0	0	0	0	0	0
1003.5956v2	7265	0	0	0	0	0	0	0	0	0	0
1011.4088v1	11707	0	0	0	0	0	0	0	0	0	0
1103.4601v2	3530	0	0	0	0	0	0	0	0	0	0
1111.4246v1	9653	0	0	0	0	0	0	0	0	0	0
1201.0490v4	96	0	0	0	0	0	1	0	0	0	0
1206.2944v2	3619	0	0	0	0	0	0	0	0	0	0
1206.5538v3	12467	0	0	0	0	0	0	0	0	0	0
1207.4708v2	4591	0	0	0	0	0	0	0	0	0	0
1209.2137v7	10147	0	0	0	0	0	7	0	0	0	0
1209.2355v5	19208	0	0	0	0	0	0	0	0	0	0
1301.3781v3	1688	0	0	0	0	0	0	0	0	0	0
1305.6156v4	19086	0	0	0	0	0	0	0	0	0	0
1305.6979v1	1308	0	0	0	0	0	0	0	0	0	0
1310.4546v1	846	0	0	0	0	0	0	0	0	0	0
1311.2901v3	3854	0	0	0	0	0	0	0	0	0	0
1312.5602v1	998	0	0	0	0	0	0	0	0	0	0
1312.6114v11	2469	0	0	0	0	0	0	0	0	0	0
1312.6184v7	1407	0	0	0	0	0	0	0	0	0	0
1312.6199v4	1591	0	0	0	0	0	0	0	0	0	0
1401.6399v13	8373	0	0	0	0	0	7	0	0	0	0
1402.0555v2	27696	0	0	0	0	0	0	0	0	0	0
1402.1892v2	2204	0	0	0	0	0	0	0	0	0	0
1404.7530v2	5561	0	0	0	0	0	0	0	0	0	0
1405.4053v2	1400	0	0	0	0	0	0	0	0	0	0
1406.2661v1	818	0	0	0	0	0	0	0	0	0	0
1409.0473v7	3995	0	0	0	0	0	0	0	0	0	0
1409.1556v6	6452	0	0	0	0	0	0	0	0	0	0
1409.3215v3	1262	0	0	0	0	0	0	0	0	0	0
1409.4842v1	523	0	0	0	0	0	0	0	0	0	0
1412.3555v1	2359	0	0	0	0	0	0	0	0	0	0
1412.6550v4	3998	0	0	0	0	0	0	0	0	0	0
1412.6572v3	509	0	0	0	0	0	0	0	0	0	0
1412.6575v4	3200	0	0	0	0	0	0	0	0	0	0
1502.01710v5	1931	0	0	0	0	0	0	0	0	0	0
1502.01852v1	10988	0	0	0	0	0	0	0	0	0	0
1502.02763v2	7844	0	0	0	0	0	0	0	0	0	0
1502.03167v3	4263	0	0	0	0	0	0	0	0	0	0
1502.05477v5	4852	0	0	0	0	0	5	0	0	0	0
1503.02531v1	1151	0	0	0	0	0	0	0	0	0	0
1503.03578v1	4781	0	0	0	0	0	1	0	0	0	0
1503.03832v3	3528	0	0	0	0	0	0	0	0	0	0
1505.00387v2	469	0	0	0	0	0	0	0	0	0	0
1505.04597v1	1074	0	0	0	0	0	0	0	0	0	0
1505.05424v2	3137	0	0	0	0	0	0	0	0	0	0
1505.07647v3	1294	0	0	0	0	0	1	0	0	0	0
1506.01186v6	5832	0	0	0	0	0	0	0	0	0	0
1506.01497v3	6533	0	0	0	0	0	0	0	0	0	0
1506.02078v2	1729	0	0	0	0	0	0	0	0	0	0
1506.02142v6	4540	0	0	0	0	0	0	0	0	0	0
1506.02438v6	2284	0	0	0	0	0	0	0	0	0	0
1506.02626v3	1532	0	0	0	0	0	0	0	0	0	0
1506.06726v1	739	0	0	0	0	0	0	0	0	0	0
1508.07909v5	1590	0	0	0	0	0	1	0	0	0	0
1509.02971v6	623	0	0	0	0	0	0	0	0	0	0
1510.00149v5	3045	0	0	0	0	0	0	0	0	0	0
1511.05493v4	2436	0	0	0	0	0	0	0	0	0	0
1511.06939v4	893	0	0	0	0	0	0	0	0	0	0
1511.07289v5	3062	0	0	0	0	0	0	0	0	0	0
1512.00567v3	4616	0	0	0	0	0	0	0	0	0	0
1512.03385v1	10181	0	0	0	0	0	0	0	0	0	0
1512.04922v3	14645	0	0	0	0	0	0	0	0	0	0
1601.00670v9	13419	0	0	0	0	0	0	0	0	0	0
1602.04938v3	6132	0	0	0	0	0	7	0	0	0	0
1602.05549v1	11979	0	0	0	0	0	1	0	0	0	0
1602.05629v4	1503	0	0	0	0	0	0	0	0	0	0
1602.07868v3	2520	0	0	0	0	0	0	0	0	0	0
1603.01360v3	2390	0	0	0	0	0	0	0	0	0	0
1603.02754v3	5855	0	0	0	0	0	5	0	0	0	0
1603.05027v3	10387	0	0	0	0	0	0	0	0	0	0
1603.07285v2	6765	0	0	0	0	0	0	0	0	0	0
1603.08155v1	2440	0	0	0	0	0	0	0	0	0	0
1603.09326v5	30933	0	0	0	0	0	0	0	0	0	0
1603.09382v3	2705	0	0	0	0	0	0	0	0	0	0
1604.04173v2	21810	0	0	0	0	0	0	0	0	0	0
1604.06174v2	3001	0	0	0	0	0	0	0	0	0	0
1604.06737v1	2938	0	0	0	0	0	0	0	0	0	0
1605.04812v3	13397	0	0	0	0	0	0	0	0	0	0
1605.07723v3	9114	0	0	0	0	0	10	0	0	0	0
1605.08695v2	5369	0	0	0	0	0	77	0	0	0	0
1606.01540v1	34	0	0	0	0	0	0	0	0	0	0
1606.04316v3	13403	0	0	0	0	0	0	0	0	0	0
1606.05579v3	6232	0	0	0	0	0	0	0	0	0	0
1606.06357v1	2271	0	0	0	0	0	0	0	0	0	0
1606.06565v2	456	0	0	0	0	0	0	0	0	0	0
1606.07792v1	740	0	0	0	0	0	6	0	0	0	0
1606.08415v5	682	0	0	0	0	0	0	0	0	0	0
1606.09375v3	3692	0	0	0	0	0	0	0	0	0	0
1607.00133v2	7216	0	0	0	0	0	3	0	0	0	0
1607.00653v1	3379	0	0	0	0	0	3	0	0	0	0
1607.01759v3	649	0	0	0	0	0	0	0	0	0	0
1607.04606v2	1858	0	0	0	0	0	0	0	0	0	0
1607.06450v1	926	0	0	0	0	0	0	0	0	0	0
1607.06520v1	4890	0	0	0	0	0	0	0	0	0	0
1607.08022v3	914	0	0	0	0	0	0	0	0	0	0
1608.00060v7	80027	0	0	0	0	0	0	0	0	0	0
1608.03983v5	2586	0	0	0	0	0	0	0	0	0	0
1608.04468v1	3265	0	0	0	0	0	5	0	0	0	0
1608.06993v5	1599	0	0	0	0	0	0	0	0	0	0
1609.02907v4	5189	0	0	0	0	0	0	0	0	0	0
1609.04747v2	1765	0	0	0	0	0	0	0	0	0	0
1609.04836v2	7516	0	0	0	0	0	0	0	0	0	0
1609.05807v2	6055	0	0	0	0	0	0	0	0	0	0
1610.01271v4	24610	0	0	0	0	0	5	0	0	0	0
1610.02136v3	2680	0	0	0	0	0	0	0	0	0	0
1610.02391v4	10671	0	0	0	0	0	0	0	0	0	0
1610.02413v1	4372	0	0	0	0	0	0	0	0	0	0
1610.05755v4	5537	0	0	0	0	0	0	0	0	0	0
1610.05820v2	4223	0	0	0	0	0	0	0	0	0	0
1611.08097v2	8484	0	0	0	0	0	0	0	0	0	0
1611.09268v3	1973	0	0	0	0	0	0	0	0	0	0
1612.00367v2	1309	0	0	0	0	0	0	0	0	0	0
1612.00837v3	1637	0	0	0	0	0	0	0	0	0	0
1612.01474v3	6070	0	0	0	0	0	0	0	0	0	0
1612.03079v2	4784	0	0	0	0	0	0	0	0	0	0
1612.03651v1	1759	0	0	0	0	0	0	0	0	0	0
1701.02434v2	10618	0	0	0	0	0	0	0	0	0	0
1701.06538v1	8037	0	0	0	0	0	0	0	0	0	0
1701.06548v1	255	0	0	0	0	0	0	0	0	0	0
1701.07875v3	3254	0	0	0	0	0	0	0	0	0	0
1702.04680v2	2345	0	0	0	0	0	1	0	0	0	0
1702.07476v3	4162	0	0	0	0	0	0	0	0	0	0
1702.08608v2	1644	0	0	0	0	0	0	0	0	0	0
1702.08734v1	3286	0	0	0	0	0	0	0	0	0	0
1703.00810v3	4338	0	0	0	0	0	0	0	0	0	0
1703.00854v2	9668	0	0	0	0	0	0	0	0	0	0
1703.01365v2	3355	0	0	0	0	0	0	0	0	0	0
1703.04247v1	2692	0	0	0	0	0	0	0	0	0	0
1703.04730v3	4735	0	0	0	0	0	0	0	0	0	0
1703.06103v4	2855	0	0	0	0	0	0	0	0	0	0
1703.06114v3	4990	0	0	0	0	0	0	0	0	0	0
1703.06870v3	3278	0	0	0	0	0	0	0	0	0	0
1703.06907v1	881	0	0	0	0	0	1	0	0	0	0
1703.10593v7	4895	0	0	0	0	0	0	0	0	0	0
1704.01212v2	1690	0	0	0	0	0	0	0	0	0	0
1704.03165v3	3010	0	0	0	0	0	0	0	0	0	0
1704.03940v3	1540	0	0	0	0	0	0	0	0	0	0
1704.04368v2	3749	0	0	0	0	0	0	0	0	0	0
1704.04861v1	3844	0	0	0	0	0	0	0	0	0	0
1704.05426v4	1622	0	0	0	0	0	0	0	0	0	0
1704.05796v1	3523	0	0	0	0	0	0	0	0	0	0
1704.08803v2	2167	0	0	0	0	0	0	0	0	0	0
1704.09011v8	45060	0	0	0	0	0	7	0	0	0	0
1705.02801v4	6801	0	0	0	0	0	0	0	0	0	0
1705.07874v2	7219	0	0	0	0	0	0	0	0	0	0
1705.08292v2	2758	0	0	0	0	0	0	0	0	0	0
1706.02515v5	76955	0	0	0	0	0	0	0	0	0	0
1706.02677v2	7126	0	0	0	0	0	0	0	0	0	0
1706.03461v6	32449	0	0	0	0	0	0	0	0	0	0
1706.03741v4	2302	0	0	0	0	0	0	0	0	0	0
1706.03762v7	1293	0	0	0	0	0	0	0	0	0	0
1706.04599v2	3528	0	0	0	0	0	0	0	0	0	0
1706.06083v4	5998	0	0	0	0	0	0	0	0	0	0
1706.06613v1	5725	0	0	0	0	0	0	0	0	0	0
1706.06978v4	4332	0	0	0	0	0	0	0	0	0	0
1706.07567v2	2260	0	0	0	0	0	0	0	0	0	0
1706.07639v6	2646	0	0	0	0	0	0	0	0	0	0
1707.02038v3	16004	0	0	0	0	0	5	0	0	0	0
1707.05005v1	1861	0	0	0	0	0	2	0	0	0	0
1707.06742v3	1058	0	0	0	0	0	0	0	0	0	0
1707.07435v7	3190	0	0	0	0	0	0	0	0	0	0
1707.08475v2	7042	0	0	0	0	0	0	0	0	0	0
1708.05031v2	2220	0	0	0	0	0	1	0	0	0	0
1708.05070v2	1628	0	0	0	0	0	6	0	0	0	0
1708.05123v1	1909	0	0	0	0	0	0	0	0	0	0
1708.07120v3	8239	0	0	0	0	0	0	0	0	0	0
1709.03856v5	1121	0	0	0	0	0	33	0	103	0	0
1709.05584v3	582	0	0	0	0	0	0	0	0	0	0
1709.06009v2	10707	0	0	0	0	0	0	0	0	0	0
1709.06560v3	3603	0	0	0	0	0	0	0	0	0	0
1710.02298v1	2387	0	0	0	0	0	0	0	0	0	0
1710.03740v3	1419	0	0	0	0	0	0	0	0	0	0
1710.05381v2	11351	0	0	0	0	0	2	0	0	0	0
1710.05941v2	1203	0	0	0	0	0	0	0	0	0	0
1710.06963v3	5074	0	0	0	0	0	0	0	0	0	0
1710.09412v2	2988	0	0	0	0	0	0	0	0	0	0
1710.09829v2	1406	0	0	0	0	0	0	0	0	0	0
1710.10345v7	51638	0	0	0	0	0	16	0	0	0	0
1710.10903v3	814	0	0	0	0	0	0	0	0	0	0
1710.11153v2	416	0	0	0	0	0	0	0	0	0	0
1711.00489v2	791	0	0	0	0	0	0	0	0	0	0
1711.00937v2	1771	0	0	0	0	0	0	0	0	0	0
1711.05101v3	6262	0	0	0	0	0	0	0	0	0	0
1711.06077v4	11277	0	0	0	0	0	0	0	0	0	0
1711.07601v1	5091	0	0	0	0	0	0	0	0	0	0
1711.08611v1	776	0	0	0	0	0	3	0	0	0	0
1711.08856v3	2634	0	0	0	0	0	0	0	0	0	0
1711.10160v1	6032	0	0	0	0	0	3	0	0	0	0
1711.10337v4	4558	0	0	0	0	0	0	0	0	0	0
1711.10485v1	6229	0	0	0	0	0	0	0	0	0	0
1711.11279v5	6222	0	0	0	0	0	0	0	0	0	0
1712.01815v1	854	0	0	0	0	0	84	0	0	0	0
1712.04912v4	20476	0	0	0	0	0	0	0	0	0	0
1712.05877v1	12660	0	0	0	0	0	0	0	0	0	0
1712.05889v2	5317	0	0	0	0	0	0	0	0	0	0
1712.09405v1	903	0	0	0	0	0	0	0	0	0	0
1712.09913v3	8082	0	0	0	0	0	0	0	0	0	0
1801.00690v1	799	0	0	0	0	0	8	0	0	0	0
1801.01290v2	9136	0	0	0	0	0	0	0	0	0	0
1801.03924v2	5852	0	0	0	0	0	0	0	0	0	0
1801.05134v1	3704	0	0	0	0	0	0	0	0	0	0
1801.07030v1	2375	0	0	0	0	0	0	0	0	0	0
1801.07243v5	3521	0	0	0	0	0	0	0	0	0	0
1801.07606v1	4132	0	0	0	0	0	0	0	0	0	0
1801.07698v4	6751	0	0	0	0	0	0	0	0	0	0
1802.00420v4	1299	0	0	0	0	0	0	0	0	0	0
1802.01528v3	1707	0	0	0	0	0	0	0	0	0	0
1802.03426v3	11625	0	0	0	0	0	0	0	0	0	0
1802.03888v3	7350	0	0	0	0	0	0	0	0	0	0
1802.03916v3	3486	0	0	0	0	0	0	0	0	0	0
1802.05365v2	3626	0	0	0	0	0	0	0	0	0	0
1802.05695v2	1448	0	0	0	0	0	0	0	0	0	0
1802.05799v3	1214	0	0	0	0	0	0	0	0	0	0
1802.05814v1	5839	0	0	0	0	0	0	0	0	0	0
1802.05957v1	8522	0	0	0	0	0	2	0	0	0	0
1802.06739v1	3964	0	0	0	0	0	0	0	0	0	0
1802.07281v2	2744	0	0	0	0	0	0	0	0	0	0
1802.08232v3	5172	0	0	0	0	0	0	0	0	0	0
1802.09127v1	11021	0	0	0	0	0	0	0	0	0	0
1802.09477v3	2445	0	0	0	0	0	0	0	0	0	0
1802.09568v2	9123	0	0	0	0	0	0	0	0	0	0
1802.09941v2	20759	0	0	0	0	0	0	0	0	0	0
1803.02324v2	1541	0	0	0	0	0	0	0	0	0	0
1803.02453v3	9618	0	0	0	0	0	0	0	0	0	0
1803.03635v5	21629	0	0	0	0	0	0	0	0	0	0
1803.04383v2	21560	0	0	0	0	0	0	0	0	0	0
1803.05407v3	4704	0	0	0	0	0	0	0	0	0	0
1803.06336v4	6770	0	0	0	0	0	0	0	0	0	0
1803.08494v3	4265	0	0	0	0	0	0	0	0	0	0
1803.09010v8	112	0	0	0	0	0	0	0	0	0	0
1803.09820v2	14205	0	0	0	0	0	0	0	0	0	0
1803.11175v2	536	0	0	0	0	0	0	0	0	0	0
1804.00079v1	6310	0	0	0	0	0	0	0	0	0	0
1804.02767v1	114	0	0	0	0	0	0	0	0	0	0
1804.04235v1	3289	0	0	0	0	0	0	0	0	0	0
1804.07461v3	1837	0	0	0	0	0	0	0	0	0	0
1804.08771v2	877	0	0	0	0	0	0	0	0	0	0
1805.01978v1	2563	0	0	0	0	0	0	0	0	0	0
1805.09501v3	3487	0	0	0	0	0	0	0	0	0	0
1805.11604v5	7173	0	0	0	0	0	0	0	0	0	0
1805.12114v2	5842	0	0	0	0	0	0	0	0	0	0
1806.01261v3	10241	0	0	0	0	0	0	0	0	0	0
1806.01768v3	2824	0	0	0	0	0	0	0	0	0	0
1806.01973v1	4438	0	0	0	0	0	0	0	0	0	0
1806.03377v1	3997	0	0	0	0	0	0	0	0	0	0
1806.03822v1	1367	0	0	0	0	0	0	0	0	0	0
1806.07366v5	5472	0	0	0	0	0	0	0	0	0	0
1806.07572v4	6268	0	0	0	0	0	0	0	0	0	0
1806.08734v3	16318	0	0	0	0	0	0	0	0	0	0
1807.03341v2	847	0	0	0	0	0	0	0	0	0	0
1807.03748v2	2532	0	0	0	0	0	0	0	0	0	0
1807.05614v2	3727	0	0	0	0	0	0	0	0	0	0
1808.00023v3	58719	0	0	0	0	0	0	0	0	0	0
1808.05377v3	916	0	0	0	0	0	0	0	0	0	0
1808.06226v1	1259	0	0	0	0	0	0	0	0	0	0
1808.09781v1	1346	0	0	0	0	0	0	0	0	0	0
1809.05818v2	3482	0	0	0	0	0	0	0	0	0	0
1809.08887v5	2821	0	0	0	0	0	0	0	0	0	0
1809.09600v1	3335	0	0	0	0	0	0	0	0	0	0
1809.10341v2	1572	0	0	0	0	0	0	0	0	0	0
1809.11096v2	4610	0	0	0	0	0	0	0	0	0	0
1810.00826v3	6091	0	0	0	0	0	0	0	0	0	0
1810.03292v3	1317	0	0	0	0	0	0	0	0	0	0
1810.03993v2	850	0	0	0	0	0	0	0	0	0	0
1810.04805v2	5061	0	0	0	0	0	0	0	0	0	0
1810.05270v2	5777	0	0	0	0	0	0	0	0	0	0
1810.08240v9	54115	0	0	0	0	0	0	0	0	0	0
1810.11953v4	1239	0	0	0	0	0	0	0	0	0	0
1810.12247v5	2681	0	0	0	0	0	0	0	0	0	0
1810.12281v1	6823	0	0	0	0	0	0	0	0	0	0
1810.12890v1	2302	0	0	0	0	0	0	0	0	0	0
1811.03604v2	1747	0	0	0	0	0	1	0	0	0	0
1811.04551v5	2951	0	0	0	0	0	0	0	0	0	0
1811.05868v2	1242	0	0	0	0	0	0	0	0	0	0
1811.06965v5	1476	0	0	0	0	0	0	0	0	0	0
1811.07871v1	5119	0	0	0	0	0	0	0	0	0	0
1811.10154v3	5414	0	0	0	0	0	0	0	0	0	0
1811.12808v3	16277	0	0	0	0	0	0	0	0	0	0
1812.00417v2	2891	0	0	0	0	0	0	0	0	0	0
1812.01243v10	3644	0	0	0	0	0	0	0	0	0	0
1812.02353v3	4205	0	0	0	0	0	0	0	0	0	0
1812.02648v1	4108	0	0	0	0	0	0	0	0	0	0
1812.02903v1	911	0	0	0	0	0	1	0	0	0	0
1812.04202v3	8633	0	0	0	0	0	0	0	0	0	0
1812.04606v3	3635	0	0	0	0	0	0	0	0	0	0
1812.04948v3	4823	0	0	0	0	0	0	0	0	0	0
1812.06127v5	13839	0	0	0	0	0	0	0	0	0	0
1812.06162v1	17997	0	0	0	0	0	0	0	0	0	0
1812.08008v2	11869	0	0	0	0	0	0	0	0	0	0
1812.11118v2	4041	0	0	0	0	0	0	0	0	0	0
1901.00301v2	18600	0	0	0	0	0	9	0	0	0	0
1901.00596v4	4461	0	0	0	0	0	0	0	0	0	0
1901.02860v3	4420	0	0	0	0	0	0	0	0	0	0
1901.04085v5	181	0	0	0	0	0	0	0	0	0	0
1901.09321v2	6228	0	0	0	0	0	0	0	0	0	0
1901.11196v2	1725	0	0	0	0	0	0	0	0	0	0
1902.00751v2	3090	0	0	0	0	0	0	0	0	0	0
1902.01046v2	960	0	0	0	0	0	0	0	0	0	0
1902.02476v2	11747	0	0	0	0	0	0	0	0	0	0
1902.10186v3	2696	0	0	0	189	105	0	0	0	0	0
1902.10197v1	5755	0	0	0	0	0	0	0	0	0	0
1902.10811v2	19491	0	0	0	0	0	0	0	0	0	0
1903.01611v3	3175	0	0	0	0	0	0	0	0	0	0
1903.05987v2	1038	0	0	0	0	0	0	0	0	0	0
1903.08755v1	2444	0	0	0	0	0	0	0	0	0	0
1903.10635v1	849	0	0	0	0	0	0	0	0	0	0
1903.12136v1	601	0	0	0	0	0	0	0	0	0	0
1903.12261v1	3089	0	0	0	0	0	0	0	0	0	0
1903.12287v3	1132	0	0	0	0	0	0	0	0	0	0
1904.00962v5	9237	0	0	0	0	0	0	0	0	0	0
1904.02868v2	5573	0	0	0	0	0	0	0	0	0	0
1904.06019v3	11931	0	0	0	0	0	0	0	0	0	0
1904.06690v2	5769	0	0	0	0	0	0	0	0	0	0
1904.07272v8	122604	0	0	0	0	0	38	0	0	0	0
1904.08375v2	383	0	0	0	0	0	0	0	0	0	0
1904.09675v3	5405	0	0	0	0	0	0	0	0	0	0
1904.10509v1	1833	0	0	0	0	0	0	0	0	0	0
1904.12320v1	0	1	1	7159	0	0	4	0	0	0	0
1904.12848v6	5740	0	0	0	0	0	0	0	0	0	0
1905.01067v4	4160	0	0	0	0	0	0	0	0	0	0
1905.01395v1	2333	0	0	0	0	0	0	0	0	0	0
1905.02161v2	7602	0	0	0	0	0	0	0	0	0	0
1905.03375v1	5819	0	0	0	0	0	0	0	0	0	0
1905.04610v1	55236	0	0	0	0	0	0	0	0	0	0
1905.04899v2	6077	0	0	0	0	0	0	0	0	0	0
1905.05583v3	2481	0	0	0	0	0	0	0	0	0	0
1905.05950v2	1821	0	0	0	0	0	0	0	0	0	0
1905.06731v1	1152	0	0	0	0	0	0	0	0	0	0
1905.07830v1	1980	0	0	0	0	0	0	0	0	0	0
1905.09217v1	1159	0	0	0	0	0	0	0	0	0	0
1905.09272v3	3957	0	0	0	0	0	0	0	0	0	0
1905.10650v3	4332	0	0	0	0	0	0	0	0	0	0
1905.11946v5	4239	0	0	0	0	0	0	0	0	0	0
1906.00080v1	2397	0	0	0	0	0	0	0	0	0	0
1906.00091v1	2786	0	0	0	0	0	0	0	0	0	0
1906.01820v3	1952	0	0	0	0	0	0	0	0	0	0
1906.02192v1	2495	0	0	0	0	0	0	0	0	0	0
1906.02243v1	709	0	0	0	0	0	0	0	0	0	0
1906.02530v2	12824	0	0	0	0	0	0	0	0	0	0
1906.02629v3	1193	0	0	0	0	0	0	0	0	0	0
1906.02691v3	6916	0	0	0	0	0	5	0	0	0	0
1906.02715v2	3238	0	0	0	0	0	0	0	0	0	0
1906.03158v1	3237	0	0	0	0	0	0	0	0	0	0
1906.04341v1	1935	0	0	0	0	0	0	0	0	0	0
1906.05849v5	4078	0	0	0	0	0	0	0	0	0	0
1906.06127v3	2139	0	0	0	0	0	0	0	0	0	0
1906.08253v3	6605	0	0	0	0	0	0	0	0	0	0
1906.08935v2	1815	0	0	0	0	0	0	0	0	0	0
1907.00503v2	1704	0	0	0	0	0	0	0	0	0	0
1907.06412v1	7682	0	0	0	0	0	0	0	0	0	0
1907.11692v1	2417	0	0	0	0	0	0	0	0	0	0
1907.11932v6	4638	0	0	0	0	0	0	0	0	0	0
1907.13286v3	1440	0	0	0	0	0	0	0	0	0	0
1908.03265v4	5242	0	0	0	0	0	0	0	0	0	0
1908.04626v2	3986	0	0	0	0	0	0	0	0	0	0
1908.07442v5	1589	0	0	0	0	0	0	0	0	0	0
1908.08526v3	45121	0	0	0	0	0	0	0	0	0	0
1908.08962v2	4495	0	0	0	0	0	0	0	0	0	0
1908.09257v4	7913	0	0	0	0	0	0	0	0	0	0
1908.09635v3	3308	0	0	0	0	0	0	0	0	0	0
1908.10084v1	1598	0	0	0	0	0	0	0	0	0	0
1908.10396v5	5915	0	0	0	0	0	0	0	0	0	0
1908.11512v1	2625	0	0	0	0	0	0	0	0	0	0
1909.01066v2	902	0	0	0	0	0	0	0	0	0	0
1909.02107v2	4018	0	0	0	0	0	0	0	0	0	0
1909.02622v2	3625	0	0	0	0	0	0	0	0	0	0
1909.05372v1	1740	0	0	0	0	0	0	0	0	0	0
1909.08053v4	4994	0	0	0	0	0	0	0	0	0	0
1909.08383v3	14453	0	0	0	0	0	0	0	0	0	0
1909.10155v2	14785	0	0	0	0	0	0	0	0	0	0
1909.10351v5	2588	0	0	0	0	0	0	0	0	0	0
1909.11942v6	4554	0	0	0	0	0	0	0	0	0	0
1909.13231v3	6759	0	0	0	0	0	0	0	0	0	0
1909.13719v2	5025	0	0	0	0	0	0	0	0	0	0
1910.00204v2	1418	0	0	0	0	0	0	0	0	0	0
1910.01108v4	497	0	0	0	0	0	0	0	0	0	0
1910.02054v3	3781	0	0	0	0	0	0	0	0	0	0
1910.05446v3	5278	0	0	0	0	0	0	0	0	0	0
1910.07467v1	3202	0	0	0	0	0	0	0	0	0	0
1910.10683v4	26775	0	0	0	0	0	0	0	0	0	0
1910.10699v3	4266	0	0	0	0	0	0	0	0	0	0
1910.11473v2	3208	0	0	0	0	0	0	0	0	0	0
1910.13461v1	2401	0	0	0	0	0	0	0	0	0	0
1911.00068v6	95	0	0	0	0	0	0	0	0	0	0
1911.00172v2	2738	0	0	0	0	0	0	0	0	0	0
1911.01547v2	11557	0	0	0	0	0	0	0	0	0	0
1911.02116v2	3160	0	0	0	0	0	0	0	0	0	0
1911.02150v1	1145	0	0	0	0	0	0	0	0	0	0
1911.02508v2	2539	0	0	0	0	0	0	0	0	0	0
1911.03090v1	1134	0	0	0	0	0	0	0	0	0	0
1911.04252v4	5643	0	0	0	0	0	0	0	0	0	0
1911.04462v3	23274	0	0	0	0	0	0	0	0	0	0
1911.05722v3	6817	0	0	0	0	0	0	0	0	0	0
1911.06455v2	1188	0	0	0	0	0	2	0	0	0	0
1911.07698v3	14142	0	0	0	0	0	0	0	0	0	0
1911.08265v2	2398	0	0	0	0	0	4	0	0	0	0
1911.09798v5	3282	0	0	0	0	0	0	0	0	0	0
1911.11134v3	5226	0	0	0	0	0	0	0	0	0	0
1912.01588v2	2610	0	0	0	0	0	0	0	0	0	0
1912.01603v3	3173	0	0	0	0	0	0	0	0	0	0
1912.02292v1	12713	0	0	0	0	0	0	0	0	0	0
1912.02757v2	4184	0	0	0	0	0	0	0	0	0	0
1912.02911v4	8008	0	0	0	0	0	0	0	0	0	0
1912.03817v3	9955	0	0	0	0	0	0	0	0	0	0
1912.04958v2	10220	0	0	0	0	0	0	0	0	0	0
1912.04977v3	37852	0	0	0	0	0	2	0	0	0	0
1912.08777v3	3527	0	0	0	0	0	0	0	0	0	0
1912.12180v1	2735	0	0	0	0	0	0	0	0	0	0
2001.02772v1	9555	0	0	0	0	0	0	0	0	0	0
2001.04451v2	2872	0	0	0	0	0	0	0	0	0	0
2001.08361v1	17227	0	0	0	0	0	0	0	0	0	0
2001.10495v2	4897	0	0	0	0	0	0	0	0	0	0
2001.10528v4	4158	0	0	0	0	0	0	0	0	0	0
2002.01650v5	16106	0	0	0	0	0	0	0	0	0	0
2002.02126v4	4346	0	0	0	0	0	0	0	0	0	0
2002.02405v2	30025	0	0	0	0	0	0	0	0	0	0
2002.02770v1	3661	0	0	0	0	0	0	0	0	0	0
2002.04745v2	2632	0	0	0	0	0	0	0	0	0	0
2002.05202v1	479	0	0	0	0	0	0	0	0	0	0
2002.05515v1	2863	0	0	0	0	0	0	0	0	0	0
2002.05670v5	22755	0	0	0	0	0	0	0	0	0	0
2002.05709v3	10868	0	0	0	0	0	0	0	0	0	0
2002.06305v1	3809	0	0	0	0	0	0	0	0	0	0
2002.08909v1	2446	0	0	0	0	0	0	0	0	0	0
2002.09277v3	14188	0	0	0	0	0	49	0	0	0	0
2002.11955v2	13191	0	0	0	0	0	0	0	0	0	0
2002.12327v3	2142	0	0	0	0	0	0	0	0	0	0
2003.00295v5	19903	0	0	0	0	0	0	0	0	0	0
2003.03033v1	1608	0	0	0	0	0	0	0	0	0	0
2003.06713v1	1509	0	0	0	0	0	0	0	0	0	0
2003.07820v2	3316	0	0	0	0	0	0	0	0	0	0
2003.08505v3	1750	0	0	0	0	0	0	0	0	0	0
2003.08934v2	3641	0	0	0	0	0	0	0	0	0	0
2003.10555v1	3227	0	0	0	0	0	0	0	0	0	0
2003.10580v4	7482	0	0	0	0	0	0	0	0	0	0
2003.12206v4	3293	0	0	0	0	0	0	0	0	0	0
2004.04228v1	1905	0	0	0	0	0	0	0	0	0	0
2004.04696v5	1503	0	0	0	0	0	0	0	0	0	0
2004.04906v3	3352	0	0	0	0	0	0	0	0	0	0
2004.05150v2	3937	0	0	0	0	0	0	0	0	0	0
2004.05785v1	4668	0	0	0	0	0	0	0	0	0	0
2004.07728v3	5385	0	0	0	0	0	0	0	0	0	0
2004.07780v5	3809	0	0	0	0	0	0	0	0	0	0
2004.10342v1	5192	0	0	0	0	0	0	0	0	0	0
2004.10964v3	10601	0	0	0	0	0	0	0	0	0	0
2004.11362v5	5680	0	0	0	0	0	0	0	0	0	0
2004.12832v2	9538	0	0	0	0	0	0	0	0	0	0
2004.15003v3	6250	0	0	0	0	0	0	0	0	0	0
2004.15011v3	3159	0	0	0	0	0	0	0	0	0	0
2005.00181v3	10410	0	0	0	0	0	0	0	0	0	0
2005.00687v7	11277	0	0	0	0	0	0	0	0	0	0
2005.01643v3	18857	0	0	0	0	0	0	0	0	0	0
2005.04118v1	2802	0	0	0	0	0	0	0	0	0	0
2005.04790v3	2128	0	0	0	0	0	0	0	0	0	0
2005.05298v4	4480	0	0	0	0	0	0	0	0	0	0
2005.07683v2	2565	0	0	0	0	0	0	0	0	0	0
2005.08100v1	2439	0	0	0	0	0	0	0	0	0	0
2005.08480v2	5459	0	0	0	0	0	0	0	0	0	0
2005.09035v2	8715	0	0	0	0	0	0	0	0	0	0
2005.09683v2	3473	0	0	0	0	0	0	0	0	0	0
2005.10242v10	31058	0	0	0	0	0	1092	0	0	0	0
2005.10243v3	8195	0	0	0	0	0	0	0	0	0	0
2005.11401v4	2249	0	0	0	0	0	0	0	0	0	0
2005.12729v1	5469	0	0	0	0	0	0	0	0	0	0
2005.12872v3	3039	0	0	0	0	0	0	0	0	0	0
2005.14050v2	1156	0	0	0	0	0	3	0	0	0	0
2005.14165v4	11543	0	0	0	0	0	0	0	0	0	0
2006.03654v6	5558	0	0	0	0	0	0	0	0	0	0
2006.04005v3	9334	0	0	0	0	0	0	0	0	0	0
2006.04779v3	30342	0	0	0	0	0	0	0	0	0	0
2006.04884v3	8920	0	0	0	0	0	0	0	0	0	0
2006.05205v4	8209	0	0	0	0	0	4	0	0	0	0
2006.05525v7	3096	0	0	0	0	0	0	0	0	0	0
2006.05639v2	3075	0	0	0	0	0	0	0	0	0	0
2006.05987v3	8264	0	0	0	0	0	0	0	0	0	0
2006.05990v1	87573	0	0	0	0	0	1	0	0	0	0
2006.06264v2	2319	0	0	0	0	0	0	0	0	0	0
2006.07159v1	2482	0	0	0	0	0	0	0	0	0	0
2006.07710v2	21056	0	0	0	0	0	0	0	0	0	0
2006.07733v3	14446	0	0	0	0	0	0	0	0	0	0
2006.09359v6	9281	0	0	0	0	0	0	0	0	0	0
2006.09882v5	8449	0	0	0	0	0	0	0	0	0	0
2006.10029v2	4648	0	0	0	0	0	0	0	0	0	0
2006.10108v2	21265	0	0	0	0	0	1	0	0	0	0
2006.10204v1	909	0	0	0	0	0	0	0	0	0	0
2006.11239v2	7739	0	0	0	0	0	0	0	0	0	0
2006.11477v3	4987	0	0	0	0	0	0	0	0	0	0
2006.11632v2	1375	0	0	0	0	0	0	0	0	0	0
2006.15704v1	4910	0	0	0	0	0	0	0	0	0	0
2006.16236v3	8742	0	0	0	0	0	0	0	0	0	0
2006.16668v1	17930	0	0	0	0	0	0	0	0	0	0
2007.00808v2	4986	0	0	0	0	0	0	0	0	0	0
2007.01282v2	377	0	0	0	0	0	0	0	0	0	0
2007.01434v1	3010	0	0	0	0	0	0	0	0	0	0
2007.01547v6	12166	0	0	0	0	0	0	0	0	0	0
2007.03634v1	4036	0	0	0	0	0	0	0	0	0	0
2007.04612v3	2602	0	0	0	0	0	0	0	0	0	0
2007.07203v2	3392	0	0	0	0	0	0	0	0	0	0
2007.08199v7	6056	1	0	0	0	0	0	0	0	0	0
2007.12626v4	1243	0	0	0	0	0	0	0	0	0	0
2007.12865v4	6039	0	0	0	0	0	0	0	0	0	0
2007.13237v1	1465	0	0	0	0	0	0	0	0	0	0
2007.14062v2	10448	0	0	0	0	0	0	0	0	0	0
2008.02460v1	3761	0	0	0	0	0	0	0	0	0	0
2008.07146v5	10078	0	0	0	0	0	0	0	0	0	0
2008.08186v2	13674	0	0	0	0	0	20	0	0	0	0
2008.13535v2	11538	0	0	0	0	0	0	0	0	0	0
2009.00148v4	66191	0	0	0	0	0	26	0	0	0	0
2009.00236v2	4488	0	0	0	0	0	0	0	0	0	0
2009.01325v3	11779	0	0	0	0	0	0	0	0	0	0
2009.03300v3	2415	0	0	0	0	0	0	0	0	0	0
2009.06732v3	365	0	0	0	0	0	0	0	0	0	0
2009.09025v2	1691	0	0	0	0	0	0	0	0	0	0
2009.10795v2	9076	0	0	0	0	0	0	0	0	0	0
2010.00747v2	2629	0	0	0	0	0	4	0	0	0	0
2010.01412v3	4980	0	0	0	0	0	0	0	0	0	0
2010.01653v1	4599	0	0	0	0	0	0	0	0	0	0
2010.01815v3	13455	0	0	0	0	0	0	0	0	0	0
2010.02193v4	2424	0	0	0	0	0	0	0	0	0	0
2010.02502v4	6906	0	0	0	0	0	1	0	0	0	0
2010.03240v2	3067	0	0	0	0	0	0	0	0	0	0
2010.03759v4	3169	0	0	0	0	0	0	0	0	0	0
2010.04245v1	1000	0	0	0	0	0	0	0	0	0	0
2010.06467v3	91049	0	0	0	0	0	0	0	0	0	0
2010.06595v1	10944	0	0	0	0	0	0	0	0	0	0
2010.07835v3	9020	0	0	0	0	0	0	0	0	0	0
2010.08191v2	5289	0	0	0	0	0	0	0	0	0	0
2010.09686v7	40316	0	0	0	0	0	0	0	0	0	0
2010.11060v4	7997	0	0	0	0	0	0	0	0	0	0
2010.11929v2	8189	0	0	0	0	0	0	0	0	0	0
2010.11934v3	1642	0	0	0	0	0	0	0	0	0	0
2010.11967v1	7723	0	0	0	0	0	0	0	0	0	0
2010.12794v2	2760	0	0	0	0	0	0	0	0	0	0
2010.13382v1	1802	0	0	0	0	0	0	0	0	0	0
2010.13902v3	4340	0	0	0	0	0	0	0	0	0	0
2011.01808v1	16461	0	0	0	0	0	0	0	0	0	0
2011.03395v2	14620	0	0	0	0	0	0	0	0	0	0
2011.05497v1	5763	0	0	0	0	0	0	0	0	0	0
2011.07127v1	2096	0	0	0	0	0	0	0	0	0	0
2011.08843v2	4706	0	0	0	0	0	0	0	0	0	0
2011.09926v3	3057	0	0	0	0	0	0	0	0	0	0
2011.10566v1	7198	0	0	0	0	0	24	0	0	0	0
2011.13456v2	29873	0	0	0	0	0	0	0	0	0	0
2011.14522v3	65355	0	0	0	0	0	0	0	0	0	0
2012.00152v1	721	0	0	0	0	0	0	0	0	0	0
2012.01300v1	4860	0	0	0	0	0	0	0	0	0	0
2012.04456v2	36984	0	0	0	0	0	0	0	0	0	0
2012.06678v1	6480	0	0	0	0	0	0	0	0	0	0
2012.07421v3	34735	0	0	0	0	0	0	0	0	0	0
2012.07805v2	5428	0	0	0	0	0	0	0	0	0	0
2012.08591v1	2937	0	0	0	0	0	0	0	0	0	0
2012.08724v1	4051	0	0	0	0	0	0	0	0	0	0
2012.09816v3	111945	0	0	0	0	0	0	0	0	0	0
2012.09841v3	16744	0	0	0	0	0	13	0	0	0	0
2012.12877v2	3736	0	0	0	0	0	0	0	0	0	0
2012.14261v3	2517	0	0	0	0	0	0	0	0	0	0
2012.14406v2	692	0	0	0	0	0	0	0	0	0	0
2012.15180v2	17314	0	0	0	0	0	0	0	0	0	0
2101.00027v1	4856	0	0	0	0	0	0	0	0	0	0
2101.01169v5	8277	0	0	0	0	0	0	0	0	0	0
2101.03961v3	11906	0	0	0	0	0	0	0	0	0	0
2101.04840v1	5643	0	0	0	0	0	0	0	0	0	0
2101.06286v2	9826	0	0	0	0	0	0	0	0	0	0
2101.06840v1	5171	0	0	0	0	0	0	0	0	0	0
2101.06983v2	589	0	0	0	0	0	0	0	0	0	0
2101.12176v1	14545	0	0	0	0	0	0	0	0	0	0
2102.01454v3	16738	0	0	0	0	0	0	0	0	0	0
2102.06604v2	24201	0	0	0	0	0	171	0	0	0	0
2102.06701v2	7451	0	0	0	0	0	0	0	0	0	0
2102.09690v2	5724	0	0	0	0	0	0	0	0	0	0
2102.11972v2	1745	0	0	0	0	0	0	0	0	0	0
2102.12627v1	1629	0	0	0	0	0	0	0	0	0	0
2102.12893v1	4909	0	0	0	0	0	0	0	0	0	0
2103.00020v1	8756	0	0	0	0	0	0	0	0	0	0
2103.00039v3	34662	0	0	0	0	0	0	0	0	0	0
2103.00065v3	37201	0	0	0	0	0	0	0	0	0	0
2103.01209v4	3316	0	0	0	0	0	0	0	0	0	0
2103.03098v1	7933	0	0	0	0	0	0	0	0	0	0
2103.03230v3	4014	0	0	0	0	0	0	0	0	0	0
2103.03404v2	8506	0	0	0	0	0	0	0	0	0	0
2103.03874v2	2059	0	0	0	0	0	0	0	0	0	0
2103.06476v9	112211	0	0	0	0	0	0	0	0	0	0
2103.06857v1	2233	0	0	0	0	0	0	0	0	0	0
2103.13630v3	7303	0	0	0	0	0	0	0	0	0	0
2103.14000v3	24805	0	0	0	0	0	0	0	0	0	1
2103.14030v2	5194	0	0	0	0	0	0	0	0	0	0
2103.14749v4	9276	0	0	0	0	0	0	0	0	0	0
2104.00298v3	4784	0	0	0	0	0	0	0	0	0	0
2104.00673v4	28432	0	0	0	0	0	0	0	0	0	0
2104.00676v1	7069	0	0	0	0	0	0	0	0	0	0
2104.02057v4	5031	0	0	0	0	0	0	0	0	0	0
2104.03829v1	11124	0	0	0	0	0	0	0	0	0	0
2104.04473v5	6772	0	0	0	0	0	0	0	0	0	0
2104.06967v2	2836	0	0	0	0	0	0	0	0	0	0
2104.07857v1	9886	0	0	0	0	0	0	0	0	0	0
2104.08663v4	5271	0	0	0	0	0	0	0	0	0	0
2104.08821v4	5738	0	0	0	0	0	0	0	0	0	0
2104.09864v5	9676	0	0	0	0	0	0	0	0	0	0
2104.12222v1	17362	0	0	0	0	0	0	0	0	0	0
2104.14294v2	10157	0	0	0	0	0	42	0	0	0	0
2104.14478v1	7059	0	0	0	0	0	0	0	0	0	0
2105.01601v4	3409	0	0	0	0	0	0	0	0	0	0
2105.03075v5	5397	0	0	0	0	0	0	0	0	0	0
2105.03824v4	5813	0	0	0	0	0	0	0	0	0	0
2105.04663v2	8169	0	0	0	0	0	0	0	0	0	0
2105.04906v3	6232	0	0	0	0	0	0	0	0	0	0
2105.05233v4	5311	0	0	0	0	0	0	0	0	0	0
2105.07197v2	1645	0	0	0	0	0	0	0	0	0	0
2105.08050v2	4060	0	0	0	0	0	0	0	0	0	0
2105.11108v3	3435	0	0	0	0	0	0	0	0	0	0
2105.14111v7	4210	0	0	0	0	0	0	0	0	0	0
2106.01074v1	1366	0	0	0	0	0	0	0	0	0	0
2106.01345v2	6658	0	0	0	0	0	0	0	0	0	0
2106.03253v2	1456	0	0	0	0	0	0	0	0	0	0
2106.03373v4	3758	0	0	0	0	0	0	0	0	0	0
2106.04156v7	59935	0	0	0	0	0	0	0	0	0	0
2106.05234v5	4678	0	0	0	0	0	0	0	0	0	0
2106.06218v1	5440	0	0	0	0	0	7	0	0	0	0
2106.06981v2	6842	0	0	0	0	0	0	0	0	0	0
2106.07263v3	6152	0	0	0	0	0	0	0	0	0	0
2106.07447v1	2676	0	0	0	0	0	0	0	0	0	0
2106.07998v2	10452	0	0	0	0	0	0	0	0	0	0
2106.08254v2	4037	0	0	0	0	0	0	0	0	0	0
2106.08962v2	8185	0	0	0	0	0	0	0	0	0	0
2106.09685v2	8084	0	0	0	0	0	0	0	0	0	0
2106.09898v2	3091	0	0	0	0	0	0	0	0	0	0
2106.10270v2	6373	0	0	0	0	0	0	0	0	0	0
2106.11189v2	5204	0	0	0	0	0	0	0	0	0	0
2106.11520v2	4331	0	0	0	0	0	0	0	0	0	0
2106.11959v5	5240	0	0	0	0	0	0	0	0	0	0
2106.13219v1	7666	0	0	0	0	0	0	0	0	0	0
2106.14806v3	11626	0	0	0	0	0	0	0	0	0	0
2106.16138v2	2715	0	0	0	0	0	0	0	0	0	0
2107.03342v3	8593	0	0	0	0	0	0	0	0	0	0
2107.03374v2	3899	0	0	0	0	0	0	0	0	0	0
2107.04649v2	34328	0	0	0	0	0	0	0	0	0	0
2107.06499v2	4765	0	0	0	0	0	0	0	0	0	0
2107.07511v6	27932	0	0	0	0	0	0	0	0	0	0
2107.08924v8	5522	0	0	0	0	0	0	0	0	0	0
2107.13045v1	2366	0	0	0	0	0	0	0	0	0	0
2108.00573v3	5680	0	0	0	0	0	0	0	0	0	0
2108.02497v5	17594	0	0	0	0	0	0	0	0	0	0
2108.08252v1	1944	0	0	0	0	0	0	0	0	0	0
2108.08810v2	11048	0	0	0	0	0	0	0	0	0	0
2108.08877v3	3416	0	0	0	0	0	0	0	0	0	0
2108.09373v4	17060	0	0	0	0	0	0	0	0	0	0
2108.12409v2	9904	0	0	0	0	0	0	0	0	0	0
2108.13264v4	11041	0	0	0	0	0	0	0	0	0	0
2108.13557v3	4935	0	0	0	0	0	0	0	0	0	0
2109.00062v2	1211	0	0	0	0	0	0	0	0	0	0
2109.00301v3	4700	0	0	0	0	0	0	0	0	0	0
2109.00904v2	13097	0	0	0	0	0	0	0	0	0	0
2109.01652v5	6455	0	0	0	0	0	0	0	0	0	0
2109.02355v2	72537	0	0	0	0	0	0	0	0	0	0
2109.07445v1	11221	0	0	0	0	0	0	0	0	0	0
2109.08031v1	3546	0	0	0	0	0	0	0	0	0	0
2109.09774v1	7770	0	0	0	0	0	0	0	0	0	0
2109.11377v2	5500	0	0	0	0	0	0	0	0	0	0
2109.13916v5	1100	0	0	0	0	0	0	0	0	0	0
2110.01852v3	8200	0	0	0	0	0	0	0	0	0	0
2110.01889v3	7587	0	0	0	0	0	0	0	0	0	0
2110.02861v2	3294	0	0	0	0	0	0	0	0	0	0
2110.05679v6	10104	0	0	0	0	0	0	0	0	0	0
2110.06169v1	4060	0	0	0	0	0	0	0	0	0	0
2110.06500v2	5548	0	0	0	0	0	0	0	0	0	0
2110.09348v3	10078	0	0	0	0	0	0	0	0	0	0
2110.11334v3	4973	0	0	0	0	0	0	0	0	0	0
2110.12088v2	8874	0	0	0	0	0	0	0	0	0	0
2110.13406v2	31833	0	0	0	0	0	0	0	0	0	0
2110.14037v1	3018	0	0	0	0	0	0	0	0	0	0
2110.15245v1	2037	0	0	0	0	0	0	0	0	0	0
2111.00396v3	28367	0	0	0	0	0	0	0	0	0	0
2111.03017v4	3807	0	0	0	0	0	0	0	0	0	0
2111.05897v3	11013	0	0	0	0	0	0	0	0	0	0
2111.06091v4	5678	0	0	0	0	0	0	0	0	0	0
2111.06377v3	7226	0	0	0	0	0	0	0	0	0	0
2111.06719v2	8826	0	0	0	0	0	0	0	0	0	0
2111.07832v3	6123	0	0	0	0	0	0	0	0	0	0
2111.09794v6	19138	0	0	0	0	0	0	0	0	0	0
2111.09883v2	3478	0	0	0	0	0	0	0	0	0	0
2111.09886	3122	0	0	0	0	0	0	0	0	0	0
2111.10106v1	2666	0	0	0	0	0	0	0	0	0	0
2111.12062v2	1164	0	0	0	0	0	0	0	0	0	0
2111.14556	4592	0	0	0	0	0	0	0	0	0	0
2112.01488v3	6580	0	0	0	0	0	0	0	0	0	0
2112.03570v2	11419	0	0	0	0	0	0	0	0	0	0
2112.04426v3	14720	0	0	0	0	0	2	0	0	0	0
2112.09118v4	4414	0	0	0	0	0	0	0	0	0	0
2112.09332v3	7062	0	0	0	0	0	39	0	0	0	0
2112.10752v2	22327	0	0	0	0	0	0	0	0	0	0
2112.13495v4	89953	0	0	0	0	0	0	0	0	0	0
2201.02135v5	147766	0	0	0	0	0	3	0	0	0	0
2201.02177v1	2858	0	0	0	0	0	0	0	0	0	0
2201.03545v2	3927	0	0	0	0	0	0	0	0	0	0
2201.10005v1	1583	0	0	0	0	0	0	0	0	0	0
2201.11903v6	12117	0	0	0	0	0	0	0	0	0	0
2201.12023v3	8462	0	0	0	0	0	0	0	0	0	0
2201.12323v2	5979	0	0	0	0	0	0	0	0	0	0
2202.01306v2	16714	0	0	0	0	0	0	0	0	0	0
2202.01602v6	13286	0	0	0	0	0	0	0	0	0	0
2202.03555v3	3019	0	0	0	0	0	0	0	0	0	0
2202.04538v2	8461	0	0	0	0	0	0	0	0	0	0
2202.05262v5	16807	0	0	0	0	0	0	0	0	0	0
2202.05433v2	621	0	0	0	0	0	0	0	0	0	0
2202.06317v2	23497	0	0	0	0	0	0	0	0	0	0
2202.06539v3	2132	0	0	0	0	0	0	0	0	0	0
2202.06991v3	2507	0	0	0	0	0	0	0	0	0	0
2202.07234v5	117772	0	0	0	0	0	0	0	0	0	0
2202.07646v3	5069	0	0	0	0	0	0	0	0	0	0
2202.07922v2	3120	0	0	0	0	0	0	0	0	0	0
2202.12837v2	8353	0	0	0	0	0	0	0	0	0	0
2203.00555v1	5210	0	0	0	0	0	0	0	0	0	0
2203.02155v1	16416	0	0	0	0	0	0	0	0	0	0
2203.03466v2	55320	0	0	0	0	0	0	0	0	0	0
2203.05556v4	10443	0	0	0	0	0	0	0	0	0	0
2203.05794v1	898	0	0	0	0	0	0	0	0	0	0
2203.08491v1	393	0	0	0	0	0	23	0	0	0	0
2203.08913v1	1835	0	0	0	0	0	0	0	0	0	0
2203.09509v4	7779	0	0	0	0	0	0	0	0	0	0
2203.11171v4	7553	0	0	0	0	0	0	0	0	0	0
2203.11931v1	3897	0	0	0	0	0	0	0	0	0	0
2203.13366v7	5697	0	0	0	0	0	0	0	0	0	0
2203.14465v2	3252	0	0	0	0	0	0	0	0	0	0
2203.15556v1	10116	0	0	0	0	0	1	0	0	0	0
2203.16527	8790	0	0	0	0	0	0	0	0	0	0
2203.17118v5	37149	0	0	0	0	0	0	0	0	0	0
2204.01500v2	3927	0	0	0	0	0	0	0	0	0	0
2204.01691v2	10233	0	0	0	0	0	0	0	0	0	0
2204.02311v5	17734	0	0	0	0	0	0	0	0	0	0
2204.04991v3	2880	0	0	0	0	0	0	0	0	0	0
2204.05862v1	38361	0	0	0	0	0	0	0	0	0	0
2204.06125v1	4509	0	0	0	0	0	0	0	0	0	0
2204.06683v2	4995	0	0	0	0	0	0	0	0	0	0
2204.13650v2	29964	0	0	0	0	0	0	0	0	0	0
2204.14198v2	23947	0	0	0	0	0	0	0	0	0	0
2205.01080v1	5997	0	0	0	0	0	0	0	0	0	0
2205.02318v1	4886	0	0	0	0	0	0	0	0	0	0
2205.04507v1	4244	0	0	0	0	0	0	0	0	0	0
2205.05198v1	7543	0	0	0	0	0	0	0	0	0	0
2205.09707v1	6283	0	0	0	0	0	0	0	0	0	0
2205.09911v2	3657	0	0	0	0	0	0	0	0	0	0
2205.10625v3	8025	0	0	0	0	0	0	0	0	0	0
2205.11728v1	2770	0	0	0	0	0	0	0	0	0	0
2205.11916v4	10650	0	0	0	0	0	0	0	0	0	0
2205.12454v4	9219	0	0	0	0	0	0	0	0	0	0
2205.12696v3	6037	0	0	0	0	0	0	0	0	0	0
2205.13147v4	14394	0	0	0	0	0	0	0	0	0	0
2205.14135v2	21284	0	0	0	0	0	0	0	0	0	0
2205.14334v2	5706	0	0	0	0	0	0	0	0	0	0
2206.00730v3	11739	0	0	0	0	0	0	0	0	0	0
2206.03785v1	2128	0	0	0	0	0	0	0	0	0	0
2206.04615v3	28936	0	0	0	0	0	21	0	0	0	0
2206.04769v1	1271	0	0	0	0	0	0	0	0	0	0
2206.06588v1	953	0	0	0	0	0	0	0	0	0	0
2206.07682v2	5893	0	0	0	0	0	0	0	0	0	0
2206.10558v2	5769	0	0	0	0	0	0	0	0	0	0
2206.11871v2	12449	0	0	0	0	0	0	0	0	0	0
2207.01848v6	17611	0	0	0	0	0	0	0	0	0	0
2207.03051v2	6382	0	0	0	0	0	0	0	0	0	0
2207.04043v1	10160	0	0	0	0	0	0	0	0	0	0
2207.05221v4	17053	0	0	0	0	0	0	0	0	0	0
2207.07048v1	8308	0	0	0	0	0	1	0	0	0	0
2207.07483v1	6993	0	0	0	0	0	0	0	0	0	0
2207.08815v1	11003	0	0	0	0	0	11	0	0	0	0
2207.10342v2	775	0	0	0	0	0	0	0	0	0	0
2207.12598v1	2045	0	0	0	0	0	0	0	0	0	0
2208.01066v3	12388	0	0	0	0	0	0	0	0	0	0
2208.02814v4	6562	0	0	0	0	0	0	0	0	0	0
2208.03299v3	7096	0	0	0	0	0	0	0	0	0	0
2208.07339v2	3346	0	0	0	0	0	0	0	0	0	0
2208.11970v1	6725	0	0	0	0	0	0	0	0	0	0
2208.12242v2	6062	0	0	0	0	0	0	0	0	0	0
2208.12266v2	4287	0	0	0	0	0	0	0	0	0	0
2209.00588v2	3549	0	0	0	0	0	0	0	0	0	0
2209.00626v8	3455	0	0	0	0	0	0	0	0	0	0
2209.01975v1	8661	0	0	0	0	0	0	0	0	0	0
2209.03003v1	20995	0	0	0	0	0	0	0	0	0	0
2209.03143v2	3667	0	0	0	0	0	0	0	0	0	0
2209.07663v2	3419	0	0	0	0	0	0	0	0	0	0
2209.09125v1	4716	0	0	0	0	0	0	0	0	0	0
2209.11755v1	3409	0	0	0	0	0	0	0	0	0	0
2209.13085v2	5668	0	0	0	0	0	0	0	0	0	0
2209.14778v1	12143	0	0	0	0	0	0	0	0	0	0
2209.15421v2	3551	0	0	0	0	0	0	0	0	0	0
2210.01936v3	3666	0	0	0	0	0	0	0	0	0	0
2210.02441v3	6716	0	0	0	0	0	0	0	0	0	0
2210.02747v2	13177	0	0	0	0	0	0	0	0	0	0
2210.03629v3	6293	0	0	0	0	0	0	0	0	0	0
2210.06280v2	4012	0	0	0	0	0	0	0	0	0	0
2210.06726v1	3232	0	0	0	0	0	0	0	0	0	0
2210.07197v1	3362	0	0	0	0	0	0	0	0	0	0
2210.07229v2	6009	0	0	0	0	0	0	0	0	0	0
2210.07316v3	1691	0	0	0	0	0	0	0	0	0	0
2210.07574v2	5808	0	0	0	0	0	0	0	0	0	0
2210.08804v1	10723	0	0	0	0	0	0	0	0	0	0
2210.09261v1	1536	0	0	0	0	0	0	0	0	0	0
2210.09345v1	4761	0	0	0	0	0	0	0	0	0	0
2210.10760v1	5443	0	0	0	0	0	0	0	0	0	0
2210.10768v3	40640	0	0	0	0	0	0	0	0	0	0
2210.11416v5	8259	0	0	0	0	0	0	0	0	0	0
2210.11610v2	2222	0	0	0	0	0	0	0	0	0	0
2210.13382v5	7566	0	0	0	0	0	0	0	0	0	0
2210.13438v1	3800	0	0	0	0	0	0	0	0	0	0
2210.17323v2	4642	0	0	0	0	0	0	0	0	0	0
2211.00593v1	12723	0	0	0	0	0	0	0	0	0	0
2211.01910v2	8816	0	0	0	0	0	0	0	0	0	0
2211.02767v2	1025	0	0	0	0	0	0	0	0	0	0
2211.05102v1	6350	0	0	0	0	0	0	0	0	0	0
2211.05667v3	13872	0	0	0	0	0	0	0	0	0	0
2211.09110v2	26738	0	0	0	0	0	0	0	0	0	0
2211.10435v2	6161	0	0	0	0	0	0	0	0	0	0
2211.10438v7	5639	0	0	0	0	0	0	0	0	0	0
2211.14876v1	9622	0	0	0	0	0	0	0	0	0	0
2211.17192v2	6727	0	0	0	0	0	0	0	0	0	0
2212.03533v2	1949	0	0	0	0	0	0	0	0	0	0
2212.03827v2	8304	0	0	0	0	0	0	0	0	0	0
2212.04356v1	3655	0	0	0	0	0	0	0	0	0	0
2212.06355v1	7804	0	0	0	0	0	0	0	0	0	0
2212.06470v3	839	0	0	0	0	0	0	0	0	0	0
2212.06727v1	2912	0	0	0	0	0	0	0	0	0	0
2212.06817v2	12130	0	0	0	0	0	0	0	0	0	0
2212.07677v2	15163	0	0	0	0	0	0	0	0	0	0
2212.08073v1	5611	0	0	0	0	0	0	0	0	0	0
2212.08420v2	15694	0	0	0	0	0	0	0	0	0	0
2212.09251v1	21374	0	0	0	0	0	0	0	0	0	0
2212.09720v2	3452	0	0	0	0	0	0	0	0	0	0
2212.09741v3	5857	0	0	0	0	0	4	0	0	0	0
2212.09748v2	3406	0	0	0	0	0	0	0	0	0	0
2212.10450v2	3430	0	0	0	0	0	0	0	0	0	0
2212.10496v1	943	0	0	0	0	0	0	0	0	0	0
2212.10509v2	7761	0	0	0	0	0	0	0	0	0	0
2212.10560v2	7907	0	0	0	0	0	0	0	0	0	0
2212.11366v5	2741	0	0	0	0	0	0	0	0	0	0
2212.13138v1	5506	0	0	0	0	0	0	0	0	0	0
2212.13937v4	4584	0	0	0	0	0	0	0	0	0	0
2212.14052v3	8544	0	0	0	0	0	0	0	0	0	0
2301.00704v1	4288	0	0	0	0	0	0	0	0	0	0
2301.00774v3	2465	0	0	0	0	0	0	0	0	0	0
2301.02111v1	1702	0	0	0	0	0	0	0	0	0	0
2301.03728v1	4494	2	2	46339	0	0	0	0	0	0	0
2301.04104v2	0	2	0	0	0	0	6	0	0	0	0
2301.04819v3	562	0	0	0	0	0	0	0	0	0	0
2301.04883v1	4230	0	0	0	0	0	0	0	0	0	0
2301.05217v3	25300	0	0	0	0	0	0	0	0	0	0
2301.07597v1	4629	0	0	0	0	0	0	0	0	0	0
2301.08243v3	5393	0	0	0	0	0	0	0	0	0	0
2301.09633v4	23665	0	0	0	0	0	0	0	0	0	0
2301.10226v4	2166	0	0	0	0	0	0	0	0	0	0
2301.11108v3	4250	0	0	0	0	0	0	0	0	0	0
2301.11305v2	6609	0	0	0	0	0	0	0	0	0	0
2301.12597v3	2246	0	0	0	0	0	0	0	0	0	0
2301.12652v4	3022	0	0	0	0	0	0	0	0	0	0
2301.13688v2	4778	0	0	0	0	0	0	0	0	0	0
2302.02352v2	3613	0	0	0	0	0	0	0	0	0	0
2302.03494v8	3008	0	0	0	0	0	0	0	0	0	0
2302.04761v1	3067	0	0	0	0	0	0	0	0	0	0
2302.05442v1	10956	0	0	0	0	0	0	0	0	0	0
2302.05543v3	2733	0	0	0	0	0	0	0	0	0	0
2302.06590v1	954	0	0	0	0	0	0	0	0	0	0
2302.06675v4	6128	0	0	0	0	0	0	0	0	0	0
2302.07944v3	5090	0	0	0	0	0	0	0	0	0	0
2302.09248v2	3758	0	0	0	0	0	0	0	0	0	0
2302.09664v3	10320	0	0	0	0	0	0	0	0	0	0
2302.10108v1	6271	0	0	0	0	0	0	0	0	0	0
2302.10866v3	11383	0	0	0	0	0	1	0	0	0	0
2302.11529v2	13216	0	0	0	0	0	0	0	0	0	0
2302.11640v2	2642	0	0	0	0	0	0	0	0	0	0
2302.12173v2	10852	0	0	0	0	0	0	0	0	0	0
2302.12246v5	4942	0	0	0	0	0	0	0	0	0	0
2302.13971v1	2511	0	0	0	0	0	0	0	0	0	0
2302.14045v2	6140	0	0	0	0	0	0	0	0	0	0
2302.14233v2	11935	0	0	0	0	0	0	0	0	0	0
2303.01469v2	15728	0	0	0	0	0	0	0	0	0	0
2303.01486v4	5699	0	0	0	0	0	0	0	0	0	0
2303.03378v1	1831	0	0	0	0	0	0	0	0	0	0
2303.04137v5	9143	0	0	0	0	0	13	0	0	0	0
2303.04671v1	1388	0	0	0	0	0	0	0	0	0	0
2303.05499v5	9624	0	0	0	0	0	0	0	0	0	0
2303.06349v1	28451	0	0	0	0	0	5	0	0	0	0
2303.06865v2	10384	0	0	0	0	0	0	0	0	0	0
2303.07678v2	1437	0	0	0	0	0	0	0	0	0	0
2303.08518v4	3026	0	0	0	0	0	0	0	0	0	0
2303.08774v6	2825	0	0	0	0	0	0	0	0	0	0
2303.08896v3	5123	0	0	0	0	0	0	0	0	0	0
2303.10130v5	5524	0	0	0	0	0	0	0	0	0	0
2303.10158v3	4821	0	0	0	0	0	0	0	0	0	0
2303.11156v4	13849	0	0	0	0	0	0	0	0	0	0
2303.11366v4	2100	0	0	0	0	0	0	0	0	0	0
2303.12528v4	6089	0	0	0	0	0	0	0	0	0	0
2303.12712v5	8054	0	0	0	0	0	0	0	0	0	0
2303.14186v2	28402	0	0	0	0	0	0	0	0	0	0
2303.15056v2	243	0	0	0	0	0	0	0	0	0	0
2303.16634v3	1167	0	0	0	0	0	0	0	0	0	0
2303.17548v1	8162	0	0	0	0	0	0	0	0	0	0
2303.17564v3	8994	0	0	0	0	0	0	0	0	0	0
2303.17580v4	5629	0	0	0	0	0	0	0	0	0	0
2303.17651v2	11411	0	0	0	0	0	0	0	0	0	0
2303.18223v19	252030	0	0	0	0	0	0	0	0	0	0
2304.01315v2	13452	0	0	0	0	0	0	0	0	0	0
2304.01373v2	4256	0	0	0	0	0	0	0	0	0	0
2304.02643v1	9956	0	0	0	0	0	0	0	0	0	0
2304.02819v3	630	0	0	0	0	0	0	0	0	0	0
2304.03442v2	1074	0	0	0	0	0	0	0	0	0	0
2304.07193v2	6329	0	0	0	0	0	0	0	0	0	0
2304.08069v3	3452	0	0	0	0	0	0	0	0	0	0
2304.08466v1	3678	0	0	0	0	0	0	0	0	0	0
2304.08467v3	3607	0	0	0	0	0	0	0	0	0	0
2304.08485v2	2425	0	0	0	0	0	0	0	0	0	0
2304.09161v2	2012	0	0	0	0	0	0	0	0	0	0
2304.09542v3	5680	0	0	0	0	0	0	0	0	0	0
2304.09842v3	6260	0	0	0	0	0	0	0	0	0	0
2304.10149v3	2338	0	0	0	0	0	0	0	0	0	0
2304.11277v2	3342	0	0	0	0	0	0	0	0	0	0
2304.11406v4	8702	0	0	0	0	0	0	0	0	0	0
2304.12210v2	10032	0	0	0	0	0	0	0	0	0	0
2304.12244v3	3508	0	0	0	0	0	0	0	0	0	0
2304.13705v1	5093	0	0	0	0	0	0	0	0	0	0
2304.13712v2	608	0	0	0	0	0	0	0	0	0	0
2304.14108v5	21126	0	0	0	0	0	0	0	0	0	0
2304.14997v4	38483	0	0	0	0	0	4	0	0	0	0
2304.15004v2	5408	0	0	0	0	0	0	0	0	0	0
2305.00447v3	1388	0	0	0	0	0	0	0	0	0	0
2305.01610v2	5649	0	0	0	0	0	0	0	0	0	0
2305.01625v3	3027	0	0	0	0	0	0	0	0	0	0
2305.03111v3	6823	0	0	0	0	0	0	0	0	0	0
2305.03495v2	3940	0	0	0	0	0	0	0	0	0	0
2305.03514v3	16206	0	0	0	0	0	7	0	0	0	0
2305.04388v2	9950	0	0	0	0	0	0	0	0	0	0
2305.05065v3	3702	0	0	0	0	0	0	0	0	0	0
2305.05176v1	3972	0	0	0	0	0	0	0	0	0	0
2305.06983v2	4608	0	0	0	0	0	0	0	0	0	0
2305.08845v2	4022	0	0	0	0	0	0	0	0	0	0
2305.08846v1	12528	0	0	0	0	0	6	0	0	0	0
2305.10250v3	2343	0	0	0	0	0	0	0	0	0	0
2305.10355v3	4221	0	0	0	0	0	0	0	0	0	0
2305.10403v3	10761	0	0	0	0	0	0	0	0	0	0
2305.10429v4	7567	0	0	0	0	0	0	0	0	0	0
2305.10601v2	4859	0	0	0	0	0	0	0	0	0	0
2305.11206v1	2556	0	0	0	0	0	0	0	0	0	0
2305.11738v4	7346	0	0	0	0	0	0	0	0	0	0
2305.13048v2	12872	0	0	0	0	0	0	0	0	0	0
2305.13245v3	967	0	0	0	0	0	0	0	0	0	0
2305.13749v2	9444	0	0	0	0	0	0	0	0	0	0
2305.14233v1	1584	0	0	0	0	0	0	0	0	0	0
2305.14314v1	4630	0	0	0	0	0	0	0	0	0	0
2305.14325v1	7958	0	0	0	0	0	0	0	0	0	0
2305.14342v4	18843	0	0	0	0	0	0	0	0	0	0
2305.14763v1	7033	0	0	0	0	0	0	0	0	0	0
2305.14871v2	6486	0	0	0	0	0	0	0	0	0	0
2305.14975v2	2681	0	0	0	0	0	0	0	0	0	0
2305.15324v2	1248	0	0	0	0	0	0	0	0	0	0
2305.15334v1	2246	0	0	0	0	0	0	0	0	0	0
2305.15498v1	6339	0	0	0	0	0	0	0	0	0	0
2305.15717v1	2795	0	0	0	0	0	0	0	0	0	0
2305.16264v5	16827	0	0	0	0	0	0	0	0	0	0
2305.16291v2	6329	0	0	0	0	0	0	0	0	0	0
2305.16367v1	316	0	0	0	0	0	0	0	0	0	0
2305.17493v3	3879	0	0	0	0	0	0	0	0	0	0
2305.17926v2	2429	0	0	0	0	0	0	0	0	0	0
2305.18290v3	10029	0	0	0	0	0	0	0	0	0	0
2305.18654v3	16896	0	0	0	0	0	0	0	0	0	0
2305.19860v5	1361	0	0	0	0	0	0	0	0	0	0
2305.20050v1	1967	0	0	0	0	0	0	0	0	0	0
2305.20077v1	932	0	0	0	0	0	1	0	0	0	0
2306.00176v1	898	0	0	0	0	0	0	0	0	0	0
2306.00248v1	3809	0	0	0	0	0	0	0	0	0	0
2306.00978v6	2608	0	0	0	0	0	0	0	0	0	0
2306.01667v2	7176	0	0	0	0	0	0	0	0	0	0
2306.02561v3	5754	0	0	0	0	0	0	0	0	0	0
2306.02707v1	10299	0	0	0	0	0	0	0	0	0	0
2306.03341v6	6332	0	0	0	0	0	0	0	0	0	0
2306.04039v1	6619	0	0	0	0	0	0	0	0	0	0
2306.04833v2	1149	0	0	0	0	0	0	0	0	0	0
2306.05284v3	2977	0	0	0	0	0	0	0	0	0	0
2306.05685v4	6863	0	0	0	0	0	0	0	0	0	0
2306.05817v6	4621	0	0	0	0	0	0	0	0	0	0
2306.07174v1	1506	0	0	0	0	0	0	0	0	0	0
2306.08121v2	2686	0	0	0	0	0	0	0	0	0	0
2306.08543v6	26417	0	0	0	0	0	0	0	0	0	0
2306.09301v5	4394	0	0	0	0	0	25	0	0	0	0
2306.09479v2	11717	0	0	0	0	0	0	0	0	0	0
2306.11644v2	2183	0	0	0	0	0	0	0	0	0	0
2306.11695v3	8403	0	0	0	0	0	0	0	0	0	0
2306.12001v6	2149	0	0	0	0	0	0	0	0	0	0
2306.13063v2	11496	0	0	0	0	0	0	0	0	0	0
2306.13649v3	6599	0	0	0	0	0	0	0	0	0	0
2306.13812v3	6650	0	0	0	0	0	0	0	0	0	0
2306.15595v2	4520	0	0	0	0	0	0	0	0	0	0
2306.15687v2	11169	0	0	0	0	0	0	0	0	0	0
2306.16927v3	4823	0	0	0	0	0	0	0	0	0	0
2306.17563v2	4016	0	0	0	0	0	0	0	0	0	0
2307.00184v4	22246	0	0	0	0	0	0	0	0	0	0
2307.02477v3	10320	0	0	0	0	0	1	0	0	0	0
2307.02483v1	7206	0	0	0	0	0	63	0	0	0	0
2307.03172v3	5581	0	0	0	0	0	0	0	0	0	0
2307.06945v4	5630	0	0	0	0	0	0	0	0	0	0
2307.08621v4	6579	0	0	0	0	0	0	0	0	0	0
2307.08691v1	3338	0	0	0	0	0	0	0	0	0	0
2307.09288v2	28533	0	0	0	0	0	0	0	0	0	0
2307.10169v1	8257	0	0	0	0	0	0	0	0	0	0
2307.10928v4	20080	0	0	0	0	0	0	0	0	0	0
2307.13702v1	7747	0	0	0	0	0	0	0	0	0	0
2307.13854v4	5294	0	0	0	0	0	0	0	0	0	0
2307.14338v2	19215	0	0	0	0	0	0	0	0	0	0
2307.15043v2	6696	0	0	0	0	0	0	0	0	0	0
2307.15217v2	8726	0	0	0	0	0	0	0	0	0	0
2307.15818v1	9487	0	0	0	0	0	1	0	0	0	0
2308.00352v7	5848	0	0	0	0	0	8	0	0	0	0
2308.03296v1	603	0	0	0	0	0	1	0	0	0	0
2308.04079v1	5131	0	0	0	0	0	0	0	0	0	0
2308.06259v3	4987	0	0	0	0	0	0	0	0	0	0
2308.07107v5	2994	0	0	0	0	0	0	0	0	0	0
2308.07832v2	76	0	0	0	0	0	0	0	0	0	0
2308.07968v1	1972	0	0	0	0	0	0	0	0	0	0
2308.08155v2	10649	0	0	0	0	0	0	0	0	0	0
2308.10144v3	4560	0	0	0	0	0	0	0	0	0	0
2308.10792v10	10787	0	0	0	0	0	0	0	0	0	0
2308.11432v7	1185	0	0	0	0	0	13	0	0	0	0
2309.00071v3	13441	0	0	0	0	0	0	0	0	0	0
2309.00267v3	9867	0	0	0	0	0	0	0	0	0	0
2309.00770v3	28430	0	0	0	0	0	3	0	0	0	0
2309.01219v3	6431	0	0	0	0	0	0	0	0	0	0
2309.02390v1	7274	0	0	0	0	0	0	0	0	0	0
2309.02427v3	6151	0	0	0	0	0	0	0	0	0	0
2309.03409v3	12726	0	0	0	0	0	0	0	0	0	0
2309.03883v2	8945	0	0	0	0	0	0	0	0	0	0
2309.04564v1	3548	0	0	0	0	0	0	0	0	0	0
2309.06180v1	8369	0	0	0	0	0	0	0	0	0	0
2309.07462v2	7456	0	0	0	0	0	6	0	0	0	0
2309.07602v1	1950	0	0	0	0	0	0	0	0	0	0
2309.07893v2	8255	0	0	0	0	0	0	0	0	0	0
2309.08600v3	8027	0	0	0	0	0	0	0	0	0	0
2309.09968v3	4785	0	0	0	0	0	0	0	0	0	0
2309.10621v3	3514	0	0	0	0	0	0	0	0	0	0
2309.11495v2	2735	0	0	0	0	0	0	0	0	0	0
2309.11998v4	4386	0	0	0	0	0	0	0	0	0	0
2309.14322v2	11161	0	0	0	0	0	0	0	0	0	0
2309.15217v2	1077	0	0	0	0	0	0	0	0	0	0
2309.15789v1	8773	0	0	0	0	0	0	0	0	0	0
2309.16588v2	7165	0	0	0	0	0	0	0	0	0	0
2309.17453v4	6191	0	0	0	0	0	0	0	0	0	0
2310.01377v2	4148	0	0	0	0	0	0	0	0	0	0
2310.01405v4	17716	0	0	0	0	0	0	0	0	0	0
2310.01783v1	9789	0	0	0	0	0	25	0	0	0	0
2310.01798v2	3500	0	0	0	0	0	0	0	0	0	0
2310.01889v4	2302	0	0	0	0	0	0	0	0	0	0
2310.02207v3	2420	0	0	0	0	0	0	0	0	0	0
2310.02743v2	7528	0	0	0	0	0	0	0	0	0	0
2310.03025v2	1449	0	0	0	0	0	0	0	0	0	0
2310.03714v1	4986	0	0	0	0	0	0	0	0	0	0
2310.03744v2	3303	0	0	0	0	0	0	0	0	0	0
2310.04408v1	6682	0	0	0	0	0	0	0	0	0	0
2310.04415v2	19149	0	0	0	0	0	0	0	0	0	0
2310.04560v1	4142	0	0	0	0	0	0	0	0	0	0
2310.05130v3	9479	0	0	0	0	0	0	0	0	0	0
2310.05736v2	3462	0	0	0	0	0	0	0	0	0	0
2310.06110v3	5439	0	0	0	0	0	0	0	0	0	0
2310.06694v2	10668	0	0	0	0	0	0	0	0	0	0
2310.06770v3	13214	0	0	0	0	0	0	0	0	0	0
2310.06816v1	1940	0	0	0	0	0	0	0	0	0	0
2310.06825v1	585	0	0	0	0	0	0	0	0	0	0
2310.06839v2	9215	0	0	0	0	0	0	0	0	0	0
2310.06983v1	983	0	0	0	0	0	0	0	0	0	0
2310.07298v2	3693	0	0	0	0	0	0	0	0	0	0
2310.07849v2	5547	0	0	0	0	0	0	0	0	0	0
2310.08319v1	919	0	0	0	0	0	0	0	0	0	0
2310.08419v4	3982	0	0	0	0	0	0	0	0	0	0
2310.08560v2	1063	0	0	0	0	0	0	0	0	0	0
2310.08864v9	1701	0	0	0	0	0	0	0	0	0	0
2310.09656v3	18144	0	0	0	0	0	0	0	0	0	0
2310.10482v1	5452	0	0	0	0	0	0	0	0	0	0
2310.11324v2	19042	0	0	0	0	0	0	0	0	0	0
2310.11441v2	2497	0	0	0	0	0	0	0	0	0	0
2310.11511v1	9849	9	9	128746	0	0	0	0	0	0	0
2310.11564v1	4908	0	0	0	0	0	0	0	0	0	0
2310.11589v1	5973	0	0	0	0	0	0	0	0	0	0
2310.12036v2	4874	0	0	0	0	0	0	0	0	0	0
2310.12963v5	6396	0	0	0	0	0	0	0	0	0	0
2310.13023v3	1902	0	0	0	0	0	0	0	0	0	0
2310.13548v4	14325	0	0	0	0	0	0	0	0	0	0
2310.14587v2	721	0	0	0	0	0	0	0	0	0	0
2310.15421v3	7440	0	0	0	0	0	0	0	0	0	0
2310.16828v2	5574	0	0	0	0	0	0	0	0	0	0
2310.17884v2	13360	0	0	0	0	0	0	0	0	0	0
2310.20081v1	956	0	0	0	0	0	0	0	0	0	0
2310.20410v3	8619	0	0	0	0	0	0	0	0	0	0
2311.00739v1	1346	0	0	0	0	0	0	0	0	0	0
2311.00871v1	4423	0	0	0	0	0	0	0	0	0	0
2311.01449v2	5543	0	0	0	0	0	0	0	0	0	0
2311.01767v2	3599	0	0	0	0	0	0	0	0	0	0
2311.03285v3	1645	0	0	0	0	0	0	0	0	0	0
2311.04850v2	4243	0	0	0	0	0	0	0	0	0	0
2311.05232v2	10001	0	0	0	0	0	0	0	0	0	0
2311.07911v1	1016	0	0	0	0	0	0	0	0	0	0
2311.08105v3	4015	0	0	0	0	0	2	0	0	0	0
2311.08526v1	2145	0	0	0	0	0	0	0	0	0	0
2311.09476v2	4676	0	0	0	0	0	0	0	0	0	0
2311.09677v3	6851	0	0	0	0	0	0	0	0	0	0
2311.09796v2	10271	0	0	0	0	0	0	0	0	0	0
2311.11351v1	4342	0	0	0	0	0	0	0	0	0	0
2311.12022v1	4284	0	0	0	0	0	0	0	0	0	0
2311.12908v1	8150	0	0	0	0	0	0	0	0	0	0
2311.12983v1	3882	0	0	0	0	0	0	0	0	0	0
2311.14648v3	7789	0	0	0	0	0	0	0	0	0	0
2311.15127v1	23837	0	0	0	0	0	0	0	0	0	0
2311.16119v3	8154	0	0	0	0	0	6	0	0	0	0
2311.16502v4	46653	0	0	0	0	0	0	0	0	0	0
2311.16863v3	5240	0	0	0	0	0	0	0	0	0	0
2311.17035v1	6832	0	0	0	0	0	0	0	0	0	0
2311.17136v1	8704	0	0	0	0	0	0	0	0	0	0
2311.18677v2	8766	0	0	0	0	0	0	0	0	0	0
2312.00752v2	20752	0	0	0	0	0	0	0	0	0	0
2312.01552v1	7610	0	0	0	0	0	0	0	0	0	0
2312.02724v1	2314	0	0	0	0	0	0	0	0	0	0
2312.04615v1	9205	0	0	0	0	0	0	0	0	0	0
2312.05328v4	465	0	0	0	0	0	0	0	0	0	0
2312.05934v3	2146	0	0	0	0	0	0	0	0	0	0
2312.06635v6	6369	0	0	0	0	0	171	0	0	0	0
2312.06674v1	1620	0	0	0	0	0	0	0	0	0	0
2312.06681v4	4472	0	0	0	0	0	0	0	0	0	0
2312.06942v5	4781	0	0	0	0	0	0	0	0	0	0
2312.07104v2	6511	0	0	0	0	0	0	0	0	0	0
2312.07577v3	17421	0	0	0	0	0	0	0	0	0	0
2312.10997v5	1848	0	0	0	0	0	0	0	0	0	0
2312.12705v2	4584	0	0	0	0	0	0	0	0	0	0
2312.14231v1	2632	0	0	0	0	0	0	0	0	0	0
2312.15234v2	2356	0	0	0	0	0	0	0	0	0	0
2401.00368v3	3135	0	0	0	0	0	0	0	0	0	0
2401.00448v3	5820	0	0	0	0	0	0	0	0	0	0
2401.00595v3	4627	0	0	0	0	0	0	0	0	0	0
2401.02954v1	7626	0	0	0	0	0	1	0	0	0	0
2401.04088v1	1140	0	0	0	0	0	0	0	0	0	0
2401.05566v3	32617	0	0	0	0	0	0	0	0	0	0
2401.05856v1	704	0	0	0	0	0	0	0	0	0	0
2401.06066v1	6034	0	0	0	0	0	1	0	0	0	0
2401.06102v4	13264	0	0	0	0	0	0	0	0	0	0
2401.06209v2	6605	0	0	0	0	0	0	0	0	0	0
2401.09670v3	12953	0	0	0	0	0	0	0	0	0	0
2401.10020v3	4726	0	0	0	0	0	0	0	0	0	0
2401.10241v1	5519	0	0	0	0	0	0	0	0	0	0
2401.11817v2	14656	0	0	0	0	0	0	0	0	0	0
2401.12070v3	6529	0	0	0	0	0	0	0	0	0	0
2401.13601v5	3639	0	0	0	0	0	0	0	0	0	0
2401.14887v4	2024	0	0	0	0	0	24	0	0	0	0
2401.15884v3	2707	0	0	0	0	0	0	0	0	0	0
2401.16380v1	6685	0	0	0	0	0	0	0	0	0	0
2401.17377v4	9715	0	0	0	0	0	0	0	0	0	0
2401.18059v1	4341	0	0	0	0	0	0	0	0	0	0
2402.00159v2	17943	0	0	0	0	0	0	0	0	0	0
2402.00809v5	4117	0	0	0	0	0	0	0	0	0	0
2402.00838v4	5578	0	0	0	0	0	0	0	0	0	0
2402.01032v2	16983	0	0	0	0	0	0	0	0	0	0
2402.01306v4	5434	0	0	0	0	0	0	0	0	0	0
2402.01761v1	1349	0	0	0	0	0	1	0	0	0	0
2402.02750v2	8204	0	0	0	0	0	0	0	0	0	0
2402.03216v5	20224	0	0	0	0	0	0	0	0	0	0
2402.03300v3	8208	0	0	0	0	0	1	0	0	0	0
2402.04249v2	8806	0	0	0	0	0	0	0	0	0	0
2402.04333v3	20409	0	0	0	0	0	0	0	0	0	0
2402.04401v3	1947	0	0	0	0	0	0	0	0	0	0
2402.04624v2	6107	0	0	0	0	0	0	0	0	0	0
2402.05070v3	3990	0	0	0	0	0	0	0	0	0	0
2402.05120v2	2602	0	0	0	0	0	0	0	0	0	0
2402.05133v3	12411	0	0	0	0	0	0	0	0	0	0
2402.05862v1	1571	0	0	0	0	0	0	0	0	0	0
2402.06196v3	7011	0	0	0	0	0	0	0	0	0	0
2402.06216v2	13721	0	0	0	0	0	0	0	0	0	0
2402.06782v4	20564	0	0	0	0	0	0	0	0	0	0
2402.06859v2	6965	0	0	0	0	0	0	0	0	0	0
2402.07841v2	9989	0	0	0	0	0	0	0	0	0	0
2402.08114v2	4463	0	0	0	0	0	0	0	0	0	0
2402.08787v6	1910	0	0	0	0	0	0	0	0	0	0
2402.09221v1	4184	0	0	0	0	0	0	0	0	0	0
2402.09353v6	6788	0	0	0	0	0	0	0	0	0	0
2402.09906v3	11668	0	0	0	0	0	0	0	0	0	0
2402.11139v1	4442	0	0	0	0	0	0	0	0	0	0
2402.13446v3	902	0	0	0	0	0	0	0	0	0	0
2402.13598v2	3823	0	0	0	0	0	1	0	0	0	0
2402.13659v2	17407	0	0	0	0	0	0	0	0	0	0
2402.13753v1	4070	0	0	0	0	0	0	0	0	0	0
2402.14207v2	8110	0	0	0	0	0	0	0	0	0	0
2402.14740v2	4712	0	0	0	0	0	0	0	0	0	0
2402.14992v2	5122	0	0	0	0	0	0	0	0	0	0
2402.15391v1	3451	0	0	0	0	0	2	0	0	0	0
2402.15627v1	4372	0	0	0	0	0	2	0	0	0	0
2402.17152v3	24099	0	0	0	0	0	0	0	0	0	0
2402.17753v1	8022	0	0	0	0	0	0	0	0	0	0
2402.17764v1	861	0	0	0	0	0	0	0	0	0	0
2402.18679v4	5548	0	0	0	0	0	0	0	0	0	0
2402.19427v1	10758	0	0	0	0	0	1	0	0	0	0
2402.19446v1	15364	0	0	0	0	0	0	0	0	0	0
2403.02310v3	6179	0	0	0	0	0	0	0	0	0	0
2403.02545v4	3052	0	0	0	0	0	0	0	0	0	0
2403.03206v1	12766	0	0	0	0	0	0	0	0	0	0
2403.03950v1	15406	0	0	0	0	0	0	0	0	0	0
2403.04132v1	5183	0	0	0	0	0	0	0	0	0	0
2403.04861v2	58	0	0	0	0	0	0	0	0	0	0
2403.05440v1	2630	0	0	0	0	0	0	0	0	0	0
2403.05530v5	34066	0	0	0	0	0	1	0	0	0	0
2403.05812v1	9374	0	0	0	0	0	0	0	0	0	0
2403.06465v1	250	0	0	0	0	0	0	0	0	0	0
2403.06634v2	28841	0	0	0	0	0	0	0	0	0	0
2403.06789v1	458	0	0	0	0	0	0	0	0	0	0
2403.07691v2	11778	0	0	0	0	0	0	0	0	0	0
2403.07974v2	5626	0	0	0	0	0	0	0	0	0	0
2403.09629v2	2789	0	0	0	0	0	0	0	0	0	0
2403.10462v2	21621	0	0	0	0	0	0	0	0	0	0
2403.11901v4	7681	0	0	0	0	0	0	0	0	0	0
2403.12031v2	2718	0	0	0	0	0	0	0	0	0	0
2403.12173v1	3851	0	0	0	0	0	0	0	0	0	0
2403.12945v2	13576	0	0	0	0	0	0	0	0	0	0
2403.12968v2	6935	0	0	0	0	0	0	0	0	0	0
2403.13787v2	7026	0	0	0	0	0	0	0	0	0	0
2403.14403v2	6084	0	0	0	0	0	0	0	0	0	0
2403.15371v3	5763	0	0	0	0	0	0	0	0	0	0
2403.16795v1	12033	0	0	0	0	0	0	0	0	0	0
2403.19647v3	18069	0	0	0	0	0	0	0	0	0	0
2403.19887v2	3004	0	0	0	0	0	0	0	0	0	0
2404.00456v2	6145	0	0	0	0	0	0	0	0	0	0
2404.01413v2	10193	0	0	0	0	0	0	0	0	0	0
2404.02543v3	3909	0	0	0	0	0	0	0	0	0	0
2404.04125v3	24833	0	0	0	0	0	0	0	0	0	0
2404.04475v2	1622	0	0	0	0	0	0	0	0	0	0
2404.05405v1	32168	0	0	0	0	0	0	0	0	0	0
2404.05411v1	5375	0	0	0	0	0	0	0	0	0	0
2404.05961v2	7586	0	0	0	0	0	0	0	0	0	0
2404.06395v3	8662	0	0	0	0	0	0	0	0	0	0
2404.06654v3	3481	0	0	0	0	0	0	0	0	0	0
2404.07503v2	352	0	0	0	0	0	0	0	0	0	0
2404.07965v4	4386	0	0	0	0	0	0	0	0	0	0
2404.07972v2	13426	0	0	0	0	0	0	0	0	0	0
2404.08471v1	8609	0	0	0	0	0	0	0	0	0	0
2404.10667v2	4236	0	0	0	0	0	0	0	0	0	0
2404.10719v3	4603	0	0	0	0	0	0	0	0	0	0
2404.11018v3	6863	0	0	0	0	0	0	0	0	0	0
2404.12259v1	8096	0	0	0	0	0	0	0	0	0	0
2404.12272v1	8137	0	0	0	0	0	0	0	0	0	0
2404.12390v4	6332	0	0	0	0	0	0	0	0	0	0
2404.13076v1	2911	0	0	0	0	0	0	0	0	0	0
2404.13208v1	2740	0	0	0	0	0	0	0	0	0	0
2404.14082v3	6954	0	0	0	0	1	0	0	0	28	0
2404.14219v4	2070	0	0	0	0	0	0	0	0	0	0
2404.14294v3	8352	0	0	0	0	0	0	0	0	0	0
2404.14367v3	18233	0	0	0	0	0	1	0	0	0	0
2404.14618v1	7354	0	0	0	0	0	0	0	0	0	0
2404.15574v1	2275	0	0	0	0	0	0	0	0	0	0
2404.16019v2	41339	0	0	0	0	0	2	0	0	0	0
2404.16130v2	2673	0	0	0	0	0	0	0	0	0	0
2404.16789v3	9087	0	0	0	0	0	0	0	0	0	0
2404.16811v2	3469	0	0	0	0	0	0	0	0	0	0
2404.18796v2	5746	0	0	0	0	0	0	0	0	0	0
2405.00332v4	3484	0	0	0	0	0	0	0	0	0	0
2405.01470v1	7003	0	0	0	0	0	0	0	0	0	0
2405.01535v2	5330	0	0	0	0	0	0	0	0	0	0
2405.02150v1	6133	0	0	0	0	0	0	0	0	0	0
2405.04434v5	9139	0	0	0	0	0	1	0	0	0	0
2405.04517v2	12490	31	31	352824	0	0	0	0	0	0	0
2405.04545v1	7054	0	0	0	0	0	0	0	0	0	0
2405.05175v2	9265	0	0	0	0	0	0	0	0	0	0
2405.05860v1	576	0	0	0	0	0	0	0	0	0	0
2405.06087v2	570	0	0	0	0	0	0	0	0	0	0
2405.06624v3	2220	0	0	0	0	0	0	0	0	0	0
2405.07437v2	1262	0	0	0	0	0	0	0	0	0	0
2405.07767v1	1375	0	0	0	0	0	0	0	0	0	0
2405.07863v3	6448	0	0	0	0	0	0	0	0	0	0
2405.07987v5	6762	4	4	15861	0	0	0	0	0	0	0
2405.09673v2	7320	0	0	0	0	0	0	0	0	0	0
2405.12213v2	3243	0	0	0	0	0	0	0	0	0	0
2405.12399v2	9562	0	0	0	0	0	0	0	0	0	0
2405.13698v3	26744	0	0	0	0	0	0	0	0	0	0
2405.14093v8	5584	0	0	0	0	0	0	0	0	0	0
2405.14734v3	12037	0	0	0	0	0	0	0	0	0	0
2405.14782v3	27497	0	0	0	0	0	0	0	0	0	0
2405.14831v3	9016	0	0	0	0	0	0	0	0	0	0
2405.14867v2	8043	0	0	0	0	0	0	0	0	0	0
2405.15682v4	5627	0	0	0	0	0	0	0	0	0	0
2405.15793v3	17874	0	0	0	0	0	0	0	0	0	0
2405.16158v3	13329	0	0	0	0	0	0	0	0	0	0
2405.16406v4	6027	0	0	0	0	0	0	0	0	0	0
2405.17428v3	6542	0	0	0	0	0	0	0	0	0	0
2405.18392v3	12514	0	0	0	0	0	0	0	0	0	0
2405.21060v1	52466	0	0	0	0	0	1	0	0	0	0
2406.01574v6	3121	0	0	0	0	0	0	0	0	0	0
2406.02900v2	7085	0	0	0	0	0	0	0	0	0	0
2406.03689v3	6652	0	0	0	0	0	0	0	0	0	0
2406.04093v1	7537	0	0	0	0	0	0	0	0	0	0
2406.04244v1	2671	0	0	0	0	0	0	0	0	0	0
2406.04313v4	4735	0	0	0	0	0	0	0	0	0	0
2406.04692v1	2706	0	0	0	0	0	0	0	0	0	0
2406.05761v2	13090	0	0	0	0	0	0	0	0	0	0
2406.05946v1	22089	0	0	0	0	0	0	0	0	0	0
2406.06484v6	6208	0	0	0	0	0	0	0	0	0	0
2406.06519v1	1259	0	0	0	0	0	0	0	0	0	0
2406.06560v2	10836	0	0	0	0	0	0	0	0	0	0
2406.06608v6	24865	0	0	0	0	0	0	0	0	0	0
2406.06768v1	47864	0	0	0	0	0	20	0	0	0	0
2406.07496v1	5189	0	0	0	0	0	11	0	0	0	0
2406.07524v2	33153	0	0	0	0	0	0	0	0	0	0
2406.07791v9	14380	0	0	0	0	0	0	0	0	0	0
2406.07887v1	11187	0	0	0	0	0	0	0	0	0	0
2406.08454v3	916	0	0	0	0	0	0	0	0	0	0
2406.08464v2	13268	0	0	0	0	0	0	0	0	0	0
2406.08673v1	3919	0	0	0	0	0	0	0	0	0	0
2406.09246v3	17406	0	0	0	0	0	0	0	0	0	0
2406.09279v2	10734	0	0	0	0	0	0	0	0	0	0
2406.09405v2	20195	0	0	0	0	0	0	0	0	0	0
2406.09414v1	4956	0	0	0	0	0	0	0	0	0	0
2406.10162v3	5949	0	0	0	0	0	0	0	0	0	0
2406.10229v1	6623	0	0	0	0	0	0	0	0	0	0
2406.11695v2	6673	0	0	0	0	0	0	0	0	0	0
2406.11704v2	2763	0	0	0	0	0	0	0	0	0	0
2406.11717v3	13023	0	0	0	0	0	0	0	0	0	0
2406.11794v4	24033	0	0	0	0	0	0	0	0	0	0
2406.11813v3	14808	18	0	0	0	0	0	0	0	0	0
2406.11939v2	4299	0	0	0	0	0	0	0	0	0	0
2406.11944v2	8171	0	0	0	0	0	0	0	0	0	0
2406.12045v1	5611	0	0	0	0	0	0	0	0	0	0
2406.13352v3	7359	0	0	0	0	0	0	0	0	0	0
2406.15249v1	929	0	0	0	0	0	0	0	0	0	0
2406.16008v2	5856	0	0	0	0	0	0	0	0	0	0
2406.16860v2	19520	0	0	0	0	0	0	0	0	0	0
2406.17557v2	5685	0	0	0	0	0	0	0	0	0	0
2406.17711v1	8317	0	0	0	0	0	0	0	0	0	0
2406.18665v4	2193	0	0	0	0	0	0	0	0	0	0
2406.19314v2	6105	0	0	0	0	0	0	0	0	0	0
2406.19354v1	10651	0	0	0	0	0	0	0	0	0	0
2406.20094v3	5218	0	0	0	0	0	0	0	0	0	0
2407.00079v4	5328	0	0	0	0	0	0	0	0	0	0
2407.01449v6	4292	0	0	0	0	0	0	0	0	0	0
2407.01492v2	4856	0	0	0	0	0	0	0	0	0	0
2407.01502v1	7878	0	0	0	0	0	0	0	0	0	0
2407.02485v1	4183	0	0	0	0	0	0	0	0	0	0
2407.03502v1	1502	0	0	0	0	0	0	0	0	0	0
2407.04491v3	29272	0	0	0	0	0	0	0	0	0	0
2407.04620v4	10992	0	0	0	0	0	0	0	0	0	0
2407.04811v6	15719	0	0	0	0	0	0	0	0	0	0
2407.08608v2	6739	0	0	0	0	0	0	0	0	0	0
2407.09777v2	1498	0	0	0	0	0	0	0	0	0	0
2407.10490v4	15840	0	0	0	0	0	0	0	0	0	0
2407.11016v3	11925	0	0	0	0	0	0	0	0	0	0
2407.12220v2	12178	0	0	0	0	0	0	0	0	0	0
2407.12784v1	14976	0	0	0	0	0	0	0	0	0	0
2407.12883v4	16340	0	0	0	0	0	0	0	0	0	0
2407.13218v3	2920	0	0	0	0	0	0	0	0	0	0
2407.14435v3	11467	0	0	0	0	0	0	0	0	0	0
2407.15186v5	2043	0	0	0	0	0	0	0	0	0	0
2407.15831v2	9705	0	0	0	0	0	0	0	0	0	0
2407.16741v3	9955	0	0	0	0	0	0	0	0	0	0
2407.16833v2	3193	0	0	0	0	0	0	0	0	0	0
2407.17032v4	1350	0	0	0	0	0	0	0	0	0	0
2407.17387v1	2503	0	0	0	0	0	1	0	0	0	0
2407.18370v1	6482	0	0	0	0	0	0	0	0	0	0
2407.18840v1	7656	0	0	0	0	0	0	0	0	0	0
2407.20018v1	3639	0	0	0	0	0	0	0	0	0	0
2407.20060v1	8375	0	0	0	0	0	0	0	0	0	0
2407.20665v1	97	0	0	0	0	0	0	0	0	0	0
2407.21658v1	965	0	0	0	0	0	0	0	0	0	0
2407.21783v3	13591	0	0	0	0	0	18	0	0	0	0
2407.21787v3	8449	0	0	0	0	0	0	0	0	0	0
2408.00714v2	14390	0	0	0	0	0	0	0	0	0	0
2408.02442v3	6156	0	0	0	0	0	0	0	0	0	0
2408.02666v2	2842	0	0	0	0	0	0	0	0	0	0
2408.03314v1	9899	0	0	0	0	0	1	0	0	0	0
2408.05147v2	8124	0	0	0	0	0	0	0	0	0	0
2408.06292v3	6670	0	0	0	0	0	0	0	0	0	0
2408.10075v1	12780	0	0	0	0	0	0	0	0	0	0
2408.11039v1	6463	0	0	0	0	0	0	0	0	0	0
2408.11796v4	2370	0	0	0	0	0	0	0	0	0	0
2408.14471v2	21099	0	0	0	0	0	0	0	0	0	0
2408.14837v2	5210	0	0	0	0	0	0	0	0	0	0
2408.15232v2	11455	0	0	0	0	0	0	0	0	0	0
2408.15240v3	8513	0	0	0	0	0	0	0	0	0	0
2408.15549v4	16257	0	0	0	0	0	0	0	0	0	0
2409.02856v2	5164	0	0	0	0	0	0	0	0	0	0
2409.03137v2	17296	0	0	0	0	0	0	0	0	0	0
2409.03284v1	2338	0	0	0	0	0	0	0	0	0	0
2409.03752v3	5900	2	2	31774	0	0	0	0	0	0	0
2409.04109v1	10296	0	0	0	0	0	0	0	0	0	0
2409.07429v1	3837	0	0	0	0	0	0	0	0	0	0
2409.08466v2	13249	0	0	0	0	0	0	0	0	0	0
2409.10173v3	5171	0	0	0	0	0	0	0	0	0	0
2409.11321v2	6980	0	0	0	0	0	0	0	0	0	0
2409.11363v2	6388	0	0	0	0	0	0	0	0	0	0
2409.11901v2	8391	0	0	0	0	0	0	0	0	0	0
2409.15133v2	156	0	0	0	0	0	0	0	0	0	0
2409.15268v3	4875	0	0	0	0	0	0	0	0	0	0
2409.15373v1	407	0	0	0	0	0	0	0	0	0	0
2409.17146v2	9660	0	0	0	0	0	0	0	0	0	0
2409.19606v3	5366	0	0	0	0	0	0	0	0	0	0
2409.19886v1	9878	0	0	0	0	0	0	0	0	0	0
2409.20296v2	2914	0	0	0	0	0	0	0	0	0	0
2410.00037v2	16395	0	0	0	0	0	0	0	0	0	0
2410.00210v1	3451	0	0	0	0	0	5	0	0	0	0
2410.01201v3	2210	0	0	0	0	0	0	0	0	0	0
2410.02694v3	11066	0	0	0	0	0	0	0	0	0	0
2410.02707v4	7495	0	0	0	0	0	0	0	0	0	0
2410.02736v2	11664	0	0	0	0	0	0	0	0	0	0
2410.03751v4	2980	0	0	0	0	0	0	0	0	0	0
2410.03834v2	4550	0	0	0	0	0	0	0	0	0	0
2410.03983v1	4752	0	0	0	0	0	0	0	0	0	0
2410.04265v2	5484	0	0	0	0	0	0	0	0	0	0
2410.04840v2	21601	0	0	0	0	0	13	0	0	0	0
2410.05160v3	3999	0	0	0	0	0	0	0	0	0	0
2410.05229v2	10998	0	0	0	0	0	0	0	0	0	0
2410.05258v2	5819	0	0	0	0	0	0	0	0	0	0
2410.05779v3	2102	0	0	0	0	0	0	0	0	0	0
2410.06205v3	12694	0	0	0	0	0	0	0	0	0	0
2410.06511v3	4452	0	0	0	0	0	0	0	0	0	0
2410.06885v3	6083	0	0	0	0	0	0	0	0	0	0
2410.06940v4	10857	0	0	0	0	0	0	0	0	0	0
2410.07095v6	4931	0	0	0	0	0	0	0	0	0	0
2410.07137v2	5139	0	0	0	0	0	2	0	0	0	0
2410.09027v2	6051	0	0	0	0	0	2	0	0	0	0
2410.09754v2	6960	0	0	0	0	0	0	0	0	0	0
2410.10630v1	6050	0	0	0	0	0	0	0	0	0	0
2410.10813v2	10721	0	0	0	0	0	0	0	0	0	0
2410.10934v2	6234	0	0	0	0	0	1	0	0	0	0
2410.11831v1	3482	0	0	0	0	0	0	0	0	0	0
2410.12784v2	3274	0	0	0	0	0	0	0	0	0	0
2410.12896v1	515	0	0	0	0	0	0	0	0	0	0
2410.13720v2	34212	0	0	0	0	0	19	0	0	0	0
2410.13788v2	4072	0	0	0	0	0	0	0	0	0	0
2410.14001v1	700	0	0	0	0	0	0	0	0	0	0
2410.15595v4	48009	0	0	0	0	0	0	0	0	0	0
2410.18745v1	6390	0	0	0	0	0	0	0	0	0	0
2410.19168v1	4455	0	0	0	0	0	0	0	0	0	0
2410.19803v2	8441	0	0	0	0	0	0	0	0	0	0
2410.20788v3	5584	0	0	0	0	0	0	0	0	0	0
2410.21228v3	15172	0	0	0	0	0	0	0	0	0	0
2410.21676v4	8389	0	0	0	0	0	0	0	0	0	0
2410.21680v2	6939	0	0	0	0	0	0	0	0	0	0
2410.23614v6	250702	0	0	0	0	0	0	0	0	0	0
2410.24164v4	4306	0	0	0	0	0	0	0	0	0	0
2410.24206v2	93432	0	0	0	0	0	0	0	0	0	0
2410.24210v3	17392	0	0	0	0	0	0	0	0	0	0
2411.00027v3	14029	0	0	0	0	0	0	0	0	0	0
2411.00640v1	3528	0	0	0	0	0	0	0	0	0	0
2411.01111v1	8824	0	0	0	0	0	0	0	0	0	0
2411.04330v2	6985	0	0	0	0	0	0	0	0	0	0
2411.04368v1	1000	0	0	0	0	0	0	0	0	0	0
2411.04872v7	11704	0	0	0	0	0	0	0	0	0	0
2411.05059v2	1471	0	0	0	0	0	0	0	0	0	0
2411.05877v1	4575	0	0	0	0	0	0	0	0	0	0
2411.06037v3	4350	0	0	0	0	0	0	0	0	0	0
2411.07763v2	17996	0	0	0	0	0	0	0	0	0	0
2411.12990v1	12683	0	0	0	0	0	0	0	0	0	0
2411.15124v5	33399	0	0	0	0	0	31	0	0	0	0
2411.15594v6	10486	0	0	0	0	0	0	0	0	0	0
2411.18814v2	6397	0	0	0	0	0	0	0	0	0	0
2411.19865v2	2243	0	0	0	0	0	0	0	0	0	0
2412.02595v2	5436	0	0	0	0	0	0	0	0	0	0
2412.03555v1	5191	0	0	0	0	0	1	0	0	0	0
2412.03700v1	402	0	0	0	0	0	0	0	0	0	0
2412.04984v2	17407	0	0	0	0	0	0	0	0	0	0
2412.05265v5	112459	0	0	0	0	0	0	0	0	0	0
2412.05579v2	4610	0	0	0	0	0	0	0	0	0	0
2412.06464v3	3421	0	0	0	0	0	0	0	0	0	0
2412.06769v4	12682	0	0	0	0	0	0	0	0	0	0
2412.07165v2	3170	0	0	0	0	0	0	0	0	0	0
2412.08905v1	2782	0	0	0	0	0	0	0	0	0	0
2412.09764v2	1329	0	0	0	0	0	0	0	0	0	0
2412.09871v1	8036	0	0	0	0	0	2	0	0	0	0
2412.11985v2	2168	0	0	0	0	0	0	0	0	0	0
2412.12591v2	1508	0	0	0	0	0	0	0	0	0	0
2412.13103v1	1039	0	0	0	0	0	0	0	0	0	0
2412.13663v2	5578	0	0	0	0	0	0	0	0	0	0
2412.13678v1	13777	0	0	0	0	0	0	0	0	0	0
2412.14093v2	52076	0	0	0	0	0	0	0	0	0	0
2412.14161v3	4157	0	0	0	0	0	0	0	0	0	0
2412.15204v2	4629	0	0	0	0	0	0	0	0	0	0
2412.16339v2	4682	0	0	0	0	0	0	0	0	0	0
2412.16855v2	4948	0	0	0	0	0	0	0	0	0	0
2412.18407v2	27993	0	0	0	0	0	0	0	0	0	0
2412.19437v2	6417	0	0	0	0	0	1	0	0	0	0
2501.00656v3	13438	0	0	0	0	0	145	0	0	0	0
2501.00663v1	5487	0	0	0	0	0	0	0	0	0	0
2501.01005v2	2856	0	0	0	0	0	0	0	0	0	0
2501.03575v3	14005	0	0	0	0	0	48	0	0	0	0
2501.05366v1	2272	2	2	23382	0	0	0	0	0	0	0
2501.05441v1	9879	0	0	0	0	0	0	0	0	0	0
2501.08313v1	8359	0	0	0	0	0	1	0	0	0	0
2501.09136v4	23375	0	0	0	0	0	0	0	0	0	0
2501.09686v3	2717	0	0	0	0	0	0	0	0	0	0
2501.09747v1	6554	0	0	0	0	0	0	0	0	0	0
2501.11223v4	12105	0	0	0	0	0	0	0	0	0	0
2501.12326v1	8392	0	0	0	0	0	0	0	0	0	0
2501.12599v4	4246	0	0	0	0	0	0	0	0	0	0
2501.12948v2	35511	0	0	0	0	0	1	0	0	0	0
2501.14249v11	7805	0	0	0	0	0	0	0	0	0	0
2501.16496v1	16067	0	0	0	0	0	0	0	0	0	0
2501.16946v2	968	0	0	0	0	0	0	0	0	0	0
2501.17148v3	7392	0	0	0	0	0	0	0	0	0	0
2501.17161v2	17285	0	0	0	0	0	14	0	0	0	0
2501.18585v2	3293	0	0	0	0	0	0	0	0	0	0
2501.18837v1	22830	0	0	0	0	0	0	0	0	0	0
2501.18914v1	7418	0	0	0	0	0	0	0	0	0	0
2501.19393v3	8697	0	0	0	0	0	0	0	0	0	0
2502.00409v3	1651	0	0	0	0	0	4	0	0	0	0
2502.00592v2	6107	0	0	0	0	0	0	0	0	0	0
2502.01113v3	10685	0	0	0	0	0	0	0	0	0	0
2502.01534v3	3427	0	0	0	0	0	0	0	0	0	0
2502.01926v3	4158	0	0	0	0	0	0	0	0	0	0
2502.02732v3	21973	0	0	0	0	0	0	0	0	0	0
2502.02737v1	6350	0	0	0	0	0	0	0	0	0	0
2502.03373v1	12967	0	0	0	0	0	0	0	0	0	0
2502.03387v3	964	0	0	0	0	0	0	0	0	0	0
2502.04382v3	5080	0	0	0	0	0	0	0	0	0	0
2502.05167v3	5980	0	0	0	0	0	0	0	0	0	0
2502.05171v2	2502	0	0	0	0	0	1	0	0	0	0
2502.05564v2	7264	2	2	1145	0	0	0	0	0	0	0
2502.05589v3	9212	0	0	0	0	0	0	0	0	0	0
2502.05795v6	24065	0	0	0	0	0	0	0	0	0	0
2502.06975v1	514	0	0	0	0	0	0	0	0	0	0
2502.08606v2	62959	0	0	0	0	0	0	0	0	0	0
2502.08773v2	21783	0	0	0	0	0	0	0	0	0	4
2502.09597v1	11206	0	0	0	0	0	0	0	0	0	0
2502.09992v3	9784	0	0	0	0	0	0	0	0	0	0
2502.11089v2	2462	0	0	0	0	0	1	0	0	0	0
2502.11176v4	6606	0	0	0	0	0	0	0	0	0	0
2502.12110v11	2502	0	0	0	0	0	0	0	0	0	0
2502.12143v3	12684	0	0	0	0	0	0	0	0	0	0
2502.13189v1	2968	0	0	0	0	0	0	0	0	0	0
2502.13595v4	6966	0	0	0	0	0	0	0	0	0	0
2502.13923v1	832	0	0	0	0	0	0	0	0	0	0
2502.14297v3	235	0	0	0	0	0	0	0	0	0	0
2502.14546v1	5013	0	0	0	0	0	0	0	0	0	0
2502.14786v1	6109	0	0	0	0	0	1	0	0	0	0
2502.14802v2	6290	0	0	0	0	0	0	0	0	0	0
2502.14855v2	5230	0	0	0	0	0	0	0	0	0	0
2502.16982v1	4293	0	0	0	0	0	0	0	0	0	0
2502.17424v7	49170	0	0	0	0	0	0	0	0	0	0
2502.18049v6	11993	0	0	0	0	0	0	0	0	0	0
2502.18418v2	2438	0	0	0	0	0	0	0	0	0	0
2502.19178v2	2884	0	0	0	0	0	0	0	0	0	0
2502.19187v2	2495	0	0	0	0	0	0	0	0	0	0
2502.19587v2	1800	0	0	0	0	0	0	0	0	0	0
2502.20616v2	4486	0	0	0	0	0	0	0	0	0	0
2502.21321v2	2607	0	0	0	0	0	0	0	0	0	0
2503.01307v2	4074	0	0	0	0	0	0	0	0	0	0
2503.01747v3	22752	0	0	0	0	0	0	0	0	0	0
2503.01840v3	2267	0	0	0	0	0	0	0	0	0	0
2503.03704v5	15016	0	0	0	0	0	0	0	0	0	0
2503.04761v1	11416	0	0	0	0	0	0	0	0	0	0
2503.05500v3	19365	0	0	0	0	0	0	0	0	0	0
2503.07018v1	3044	0	0	0	0	0	0	0	0	0	0
2503.07891v1	1682	0	0	0	0	0	0	0	0	0	0
2503.08026v2	4490	0	0	0	0	0	1	0	0	0	0
2503.09516v5	6103	0	0	0	0	0	0	0	0	0	0
2503.09567v5	9712	0	0	0	0	0	0	0	0	0	0
2503.10622v2	4229	0	0	0	0	0	0	0	0	0	0
2503.10965v2	22833	0	0	0	0	0	0	0	0	0	0
2503.11651v1	2658	0	0	0	0	0	0	0	0	0	0
2503.11926v1	10901	1	1	3888	0	0	0	0	0	0	0
2503.12605v2	6423	0	0	0	0	0	0	0	0	0	0
2503.13657v3	7887	0	0	0	0	0	0	0	0	0	0
2503.14456v2	18172	0	0	0	0	0	0	0	0	0	0
2503.14476v2	3038	0	0	0	0	0	2	0	0	0	0
2503.14499v4	24068	0	0	0	0	0	0	0	0	0	0
2503.14734v2	6992	0	0	0	0	0	8	0	0	0	0
2503.14749v3	17294	0	0	0	0	0	0	0	0	0	0
2503.15850v2	1656	0	0	0	0	0	0	0	0	0	0
2503.16419v4	5498	0	0	0	0	0	0	0	0	0	0
2503.17003v4	3490	0	0	0	0	0	0	0	0	0	0
2503.17523v3	17901	0	0	0	0	0	0	0	0	0	0
2503.18813v2	6366	0	0	0	0	0	3	0	0	0	0
2503.18892v3	15637	0	0	0	0	0	0	0	0	0	0
2503.19201v1	17864	0	0	0	0	0	0	0	0	0	0
2503.19786v1	2662	0	0	0	0	0	2	0	0	0	0
2503.20020v1	24898	0	0	0	0	0	1	0	0	0	0
2503.20215v1	1257	0	0	0	0	0	0	0	0	0	0
2503.20314v2	6826	0	0	0	0	0	0	0	0	0	0
2503.20783v2	9066	0	0	0	0	0	0	0	0	0	0
2503.21676v2	34237	0	0	0	0	0	2	0	0	0	0
2503.24235v3	7273	0	0	0	0	0	0	0	0	0	0
2504.01017v1	7497	0	0	0	0	0	1	0	0	0	0
2504.01849v1	23509	0	0	0	0	0	0	0	0	0	0
2504.01990v2	117505	0	0	0	0	0	1	0	0	0	0
2504.02263v4	0	0	0	0	0	0	6	0	0	0	0
2504.03206v3	3157	0	0	0	0	0	0	0	0	0	0
2504.03624v4	7400	0	0	0	0	0	0	0	0	0	0
2504.05108v4	9544	0	0	0	0	0	0	0	0	0	0
2504.07086v2	10719	0	0	0	0	0	0	0	0	0	0
2504.07096v2	4784	0	0	0	0	0	0	0	0	0	0
2504.07128v3	64543	0	0	0	0	0	0	0	0	0	0
2504.07952v1	3122	0	0	0	0	0	0	0	0	0	0
2504.08066v1	6371	0	0	0	0	0	0	0	0	0	0
2504.10507v7	13122	0	0	0	0	0	0	0	0	0	0
2504.11436v4	8877	0	0	0	0	0	0	0	0	0	0
2504.11536v2	0	0	0	0	0	0	4	0	0	0	0
2504.12328v1	3014	0	0	0	0	0	0	0	0	0	0
2504.12516v1	913	0	0	0	0	0	0	0	0	0	0
2504.13171v1	3627	0	0	0	0	0	0	0	0	0	0
2504.13181v2	31787	0	0	0	0	0	883	883	0	0	0
2504.13837v5	7865	0	0	0	0	0	0	0	0	0	0
2504.14225v2	4017	0	0	0	0	0	0	0	0	0	0
2504.15071v1	2897	0	0	0	0	0	0	0	0	0	0
2504.16054v1	7733	0	0	0	0	0	0	0	0	0	0
2504.16084v3	4829	0	0	0	0	0	0	0	0	0	0
2504.16929v1	6009	0	0	0	0	0	0	0	0	0	0
2504.18530v3	10439	0	0	0	0	0	0	0	0	0	0
2504.19413v1	1940	0	0	0	0	0	0	0	0	0	0
2504.20119v2	1529	0	0	0	0	0	0	0	0	0	0
2504.20571v3	28248	0	0	0	0	0	0	0	0	0	0
2504.20879v2	13145	0	0	0	0	0	6	0	0	0	0
2505.00675v3	6004	0	0	0	0	0	0	0	0	0	0
2505.00949v5	2778	0	0	0	0	0	0	0	0	0	0
2505.01618v4	44822	0	0	0	0	0	0	0	0	0	0
2505.03335v3	9316	0	0	0	0	0	0	0	0	0	0
2505.04421v2	1108	0	0	0	0	0	0	0	0	0	0
2505.05410v1	2172	0	0	0	0	0	0	0	0	0	0
2505.05470v5	9561	0	0	0	0	0	1	0	0	0	0
2505.06120v1	8861	0	0	0	0	0	0	0	0	0	0
2505.06708v1	10153	0	0	0	0	0	0	0	0	0	0
2505.08775v1	10218	0	0	0	0	0	0	0	0	0	0
2505.09343v2	25431	0	0	0	0	0	0	0	0	0	0
2505.09388v1	3279	0	0	0	0	0	0	0	0	0	0
2505.10960v2	4585	0	0	0	0	0	0	0	0	0	0
2505.11423v3	4048	0	0	0	0	0	0	0	0	0	0
2505.11432v3	8360	0	0	0	0	0	0	0	0	0	0
2505.11831v2	3520	0	0	0	0	0	0	0	0	0	0
2505.12540v4	4073	0	0	0	0	0	0	0	0	0	0
2505.13775v4	19965	0	0	0	0	0	0	0	0	0	0
2505.13947v2	27010	0	0	0	0	0	0	0	0	0	0
2505.13995v2	4623	0	0	0	0	0	0	0	0	0	0
2505.15045v1	6183	0	0	0	0	0	0	0	0	0	0
2505.17117v7	34019	0	0	0	0	0	0	0	0	0	0
2505.18654v4	2498	0	0	0	0	0	0	0	0	0	0
2505.22101v1	1100	0	0	0	0	0	2	0	0	0	0
2505.22617v1	14005	0	0	0	0	0	2	0	0	0	0
2505.22954v3	33283	0	0	0	0	0	0	0	0	0	0
2505.23735v1	7670	0	0	0	0	0	0	0	0	0	0
2505.23836v3	8306	0	0	0	0	0	0	0	0	0	0
2505.24189v2	3003	0	0	0	0	0	0	0	0	0	0
2505.24832v3	3644	0	0	0	0	0	0	0	0	0	0
2505.24864v1	4212	0	0	0	0	0	0	0	0	0	0
2506.00137v2	9545	0	0	0	0	0	0	0	0	0	0
2506.01937v2	17970	0	0	0	0	0	0	0	0	0	0
2506.01939v2	12202	0	0	0	0	0	0	0	0	0	0
2506.02863v2	1389	0	0	0	0	0	4	0	0	0	0
2506.04178v2	20714	0	0	0	0	0	0	0	0	0	0
2506.04645v1	7245	0	0	0	0	0	0	0	0	0	0
2506.05176v3	1156	0	0	0	0	0	0	0	0	0	0
2506.06105v2	5398	0	0	0	0	0	0	0	0	0	0
2506.06254v2	12175	0	0	0	0	0	0	0	0	0	0
2506.06266v3	18868	0	0	0	0	0	0	0	0	0	0
2506.06326v1	925	0	0	0	0	0	0	0	0	0	0
2506.06941v3	12454	0	0	0	0	0	0	0	0	0	0
2506.07982v1	3550	0	0	0	0	0	0	0	0	0	0
2506.08837v3	2125	0	0	0	0	0	0	0	0	0	0
2506.09033v3	5405	0	0	0	0	0	0	0	0	0	0
2506.09902v1	8469	0	0	0	0	0	0	0	0	0	0
2506.09985v1	16359	0	0	0	0	0	0	0	0	0	0
2506.10910v1	2600	0	0	0	0	0	0	0	0	0	0
2506.10943v2	3303	0	0	0	0	0	0	0	0	0	0
2506.10947v2	31035	0	0	0	0	0	0	0	0	0	0
2506.11440v1	3281	0	0	0	0	0	0	0	0	0	0
2506.13131v1	7027	0	0	0	0	0	3	0	0	0	0
2506.13695v4	6294	0	0	0	0	0	1	0	0	0	0
2506.14761v1	3496	0	0	0	0	0	1	0	0	0	0
2506.15742v2	6551	0	0	0	0	0	0	0	0	0	0
2506.16655v1	3006	0	0	0	0	0	0	0	0	0	0
2506.16791v4	19508	0	0	0	0	0	0	0	0	0	0
2506.18096v2	1125	0	0	0	0	0	0	0	0	0	0
2506.18902v3	4590	0	0	0	0	0	0	0	0	0	0
2506.19143v4	10767	0	0	0	0	0	0	0	0	0	0
2506.19882v3	2274	0	0	0	0	0	0	0	0	0	0
2506.20417v1	35117	0	0	0	0	0	0	0	0	0	0
2506.20512v1	4801	0	0	0	0	0	0	0	0	0	0
2506.20803v1	5917	0	0	0	0	0	0	0	0	0	0
2506.21605v1	2678	0	0	0	0	0	0	0	0	0	0
2506.21734v3	1682	0	0	0	0	0	0	0	0	0	0
2507.00432v2	12476	0	0	0	0	0	0	0	0	0	0
2507.00994v4	13677	0	0	0	0	0	0	0	0	0	0
2507.01352v3	9927	0	0	0	0	0	0	0	0	0	0
2507.02259v2	18273	0	0	0	0	0	0	0	0	0	0
2507.02825v5	3282	0	0	0	0	0	14	0	0	0	0
2507.02833v3	6700	0	0	0	0	0	0	0	0	0	0
2507.03724v4	2948	0	0	0	0	0	4	0	0	0	0
2507.04590v1	1412	0	0	0	0	0	0	0	0	0	0
2507.05257v4	28009	0	0	0	0	0	0	0	0	0	0
2507.06261v6	17123	0	0	0	0	0	1	0	0	0	0
2507.07935v6	17003	0	0	0	0	0	0	0	0	0	0
2507.07957v1	1207	0	0	0	0	0	0	0	0	0	0
2507.09089v2	20533	0	0	0	0	0	2	0	0	0	0
2507.10524v3	10572	0	0	0	0	0	1	0	0	0	0
2507.10587v2	54102	0	0	0	0	0	0	0	0	0	0
2507.11473v2	11580	0	0	0	0	0	0	0	0	0	0
2507.13264v1	1558	0	0	0	0	0	0	0	0	0	0
2507.13334v2	8889	0	0	0	0	0	0	0	0	0	0
2507.13919v1	4359	0	0	0	0	0	0	0	0	0	0
2507.14417v2	23602	0	0	0	0	0	0	0	0	0	0
2507.15551v3	1637	0	0	0	0	0	0	0	0	0	0
2507.17746v2	4282	0	0	0	0	0	0	0	0	0	0
2507.18071v2	1260	0	0	0	0	0	0	0	0	0	0
2507.18624v2	13351	0	0	0	0	0	0	0	0	0	0
2507.19457v2	24847	0	0	0	0	0	0	0	0	0	0
2507.21046v4	139448	0	0	0	0	0	0	0	0	0	0
2507.21509v3	14327	0	0	0	0	0	0	0	0	0	0
2508.01191v6	25928	0	0	0	0	0	1	0	0	0	0
2508.01674v2	9203	0	0	0	0	0	0	0	0	0	0
2508.03685v1	185	0	0	0	0	0	0	0	0	0	0
2508.06433v4	896	0	0	0	0	0	0	0	0	0	0
2508.09874v2	3694	0	0	0	0	0	6	0	0	0	0
2508.10104v1	14111	0	0	0	0	0	0	0	0	0	0
2508.10468v1	2261	0	0	0	0	0	0	0	0	0	0
2508.10478v1	811	0	0	0	0	0	0	0	0	0	0
2508.15361v1	6141	0	0	0	0	0	0	0	0	0	0
2508.16793v1	370	0	0	0	0	0	0	0	0	0	0
2508.19005v6	3230	0	0	0	0	0	0	0	0	0	0
2508.19828v5	6697	0	0	0	0	0	0	0	0	0	0
2508.20900v4	5656	0	0	0	0	0	1	0	0	0	0
2508.21038v2	5906	0	0	0	0	0	0	0	0	0	0
2509.01322v2	7341	0	0	0	0	0	0	0	0	0	0
2509.01440v1	48017	0	0	0	0	0	0	0	0	0	0
2509.02046v2	6528	0	0	0	0	0	0	0	0	0	0
2509.02547v5	161441	0	0	0	0	0	0	0	0	0	0
2509.04259v1	3362	0	0	0	0	0	0	0	0	0	0
2509.04664v1	6986	0	0	0	0	0	0	0	0	0	0
2509.04796v1	5008	0	0	0	0	0	1	0	0	0	0
2509.06888v1	2925	0	0	0	0	0	0	0	0	0	0
2509.08713v2	9230	0	0	0	0	0	0	0	0	0	0
2509.08825v2	33216	0	0	0	0	0	0	0	0	0	0
2509.13244v1	1284	0	0	0	0	0	0	0	0	0	0
2509.13944v2	9956	0	0	0	0	0	0	0	0	0	0
2509.15265v1	9219	0	0	0	0	0	0	0	0	0	0
2509.16941v2	4721	0	0	0	0	0	0	0	0	0	0
2509.20354v3	1366	0	0	0	0	0	1	0	0	0	0
2509.21489v4	3823	0	0	0	0	0	0	0	0	0	0
2509.21519v5	30610	0	0	0	0	0	0	0	0	0	0
2509.23878v1	7840	0	0	0	0	0	0	0	0	0	0
2509.24527v1	1427	0	0	0	0	0	3	0	0	0	0
2509.25140v2	17099	0	0	0	0	0	1	0	0	0	0
2509.25149v2	5457	0	0	0	0	0	0	0	0	0	0
2509.25195v1	1504	0	0	0	0	0	0	0	0	0	0
2509.25911v1	5597	0	0	0	0	0	0	0	0	0	0
2510.01132v2	10388	0	0	0	0	0	0	0	0	0	0
2510.02425v1	6980	0	0	0	0	0	0	0	0	0	0
2510.04374v1	4041	0	0	0	0	0	0	0	0	0	0
2510.04465v3	28206	0	0	0	0	0	0	0	0	0	0
2510.04618v3	19635	0	0	0	0	0	0	0	0	0	0
2510.04871v1	1972	0	0	0	0	0	0	0	0	0	0
2510.06477v2	27713	0	0	0	0	0	0	0	0	0	0
2510.06552v2	6586	0	0	0	0	0	0	0	0	0	0
2510.07192v1	11503	0	0	0	0	0	8	0	0	0	0
2510.07686v2	10661	0	0	0	0	0	0	0	0	0	0
2510.07784v1	5512	0	0	0	0	0	0	0	0	0	0
2510.08517v1	1897	0	0	0	0	0	1	0	0	0	0
2510.09023v1	2239	0	0	0	0	0	0	0	0	0	0
2510.09608v2	7431	0	0	0	0	0	0	0	0	0	0
2510.11690v1	8188	0	0	0	0	0	0	0	0	0	0
2510.13786v1	18314	0	0	0	0	0	0	0	0	0	0
2510.13928v2	3929	0	0	0	0	0	0	0	0	0	0
2510.14365v4	7747	0	0	0	0	0	0	0	0	0	0
2510.15001v2	370	0	0	0	0	0	1	0	0	0	0
2510.15103v1	926	0	0	0	0	0	0	0	0	0	0
2510.15511v4	77625	0	0	0	0	0	0	0	0	0	0
2510.16211v2	11105	0	0	0	0	0	0	0	0	0	0
2510.16732v3	5698	0	0	0	0	0	0	0	0	0	0
2510.17558v1	2217	0	0	0	0	0	0	0	0	0	0
2510.17881v3	15700	0	0	0	0	0	0	0	0	0	0
2510.18234v1	4071	0	0	0	0	0	1	0	0	0	0
2510.18866v4	4532	0	0	0	0	0	0	0	0	0	0
2510.20342v1	4347	0	0	0	0	0	0	0	0	0	0
2510.20809v1	2258	0	0	0	0	0	2	0	0	0	0
2510.21204v1	25332	0	0	0	0	0	0	0	0	0	0
2510.22780v2	30884	0	0	0	0	0	0	0	0	0	0
2510.24701v3	6468	0	0	0	0	0	0	0	0	0	0
2510.25992v3	12932	0	0	0	0	0	1	0	0	0	0
2510.26692v2	7152	0	0	0	0	0	0	0	0	0	0
2510.27246v2	22525	0	0	0	0	0	0	0	0	0	0
2511.03051v1	745	0	0	0	0	0	1	0	0	0	0
2511.03492v1	34986	0	0	0	0	0	0	0	0	0	0
2511.03506v3	9012	0	0	0	0	0	4	0	0	0	0
2511.04703v1	1208	0	0	0	0	0	0	0	0	0	0
2511.08522v2	6404	0	0	0	0	0	0	0	0	0	0
2511.08544v3	32600	0	0	0	0	0	0	0	0	0	0
2511.08667v2	11279	0	0	0	0	0	0	0	0	0	0
2511.08798v2	6349	0	0	0	0	0	0	0	0	0	0
2511.12991v1	8398	0	0	0	0	0	0	0	0	0	0
2511.13593v3	2539	0	0	0	0	0	2	0	0	0	0
2511.14759v2	18369	0	0	0	0	0	0	0	0	0	0
2511.14881v5	2971	0	0	0	0	0	0	0	0	0	0
2511.16719v2	49832	0	0	0	0	0	3	0	0	0	0
2511.18397v1	14525	0	0	0	0	0	0	0	0	0	0
2511.21631v2	13998	0	0	0	0	0	0	0	0	0	0
2511.22275v1	1756	0	0	0	0	0	0	0	0	0	0
2511.23101v1	5712	0	0	0	0	0	0	0	0	0	0
2511.23473v1	17156	0	0	0	0	0	0	0	0	0	0
2512.02556v1	7245	0	0	0	0	0	1	0	0	0	0
2512.03060v1	5995	0	0	0	0	0	0	0	0	0	0
2512.06688v1	16817	0	0	0	0	0	0	0	0	0	0
2512.09929v1	18024	0	0	0	0	0	0	0	0	0	0
2512.13564v2	12741	0	0	0	0	0	77	0	0	0	0
2512.13961v2	27686	0	0	0	0	0	100	0	0	0	0
2512.15603v1	14864	0	0	0	0	0	0	0	0	0	0
2512.20856v1	2491	0	0	0	0	0	0	0	0	0	0
2512.24601v3	11833	0	0	0	0	0	0	0	0	0	0
2512.24695v1	59355	0	0	0	0	0	0	0	0	0	0
2512.24880v2	9768	0	0	0	0	0	1	0	0	0	0
2512.25052v1	5246	0	0	0	0	0	0	0	0	0	0
2601.05504v2	2710	0	0	0	0	0	0	0	0	0	0
2601.05505v2	16008	0	0	0	0	0	0	0	0	0	0
2601.07767v1	8909	0	0	0	0	0	0	0	0	0	0
2601.08118v3	16970	0	0	0	0	0	0	0	0	0	0
2601.08620v2	23474	0	0	0	0	0	0	0	0	0	0
2601.09065v2	1138	0	0	0	0	0	0	0	0	0	0
2601.11868v1	19551	0	0	0	0	0	0	0	0	0	0
2601.12078v2	13080	0	0	0	0	0	0	0	0	0	0
2601.12538v2	259727	0	0	0	0	0	26	0	0	0	0
2601.13722v1	9699	0	0	0	0	0	0	0	0	0	0
2601.16175v2	17219	0	0	0	0	0	0	0	0	0	0
2601.17087v2	9691	0	0	0	0	0	0	0	0	0	0
2601.17569v1	14745	0	0	0	0	0	0	0	0	0	0
2601.17712v1	58215	0	0	0	0	0	0	0	0	0	0
2602.00319v2	1510	0	0	0	0	0	0	0	0	0	0
2602.02007v4	13178	0	0	0	0	0	0	0	0	0	0
2602.02276v2	15008	0	0	0	0	0	0	0	0	0	0
2602.06052v4	177386	0	0	0	0	0	0	0	0	0	0
2602.12116v1	15186	0	0	0	0	0	0	0	0	0	0
2602.14038v1	4623	0	0	0	0	0	0	0	0	0	0
2602.15012v1	3385	0	0	0	0	0	0	0	0	0	0
2602.15763v2	14274	0	0	0	0	0	0	0	0	0	0
2602.16763v4	31282	0	0	0	0	0	15	15	0	0	0
2602.22680v2	73227	0	0	0	0	0	0	0	0	0	0
2603.02983v1	9283	0	0	0	0	0	0	0	0	0	0
2603.07670v1	19623	0	0	0	0	0	0	0	0	0	0
2603.11245v2	13561	0	0	0	0	0	0	0	0	0	0
2603.12595v1	16082	0	0	0	0	0	0	0	0	0	0
2603.15569v1	30089	0	0	0	0	0	0	0	0	0	0
2603.18718v1	22046	0	0	0	0	0	0	0	0	0	0
2603.19220v2	16262	0	0	0	0	0	1	0	0	0	0
2603.21485v1	21413	0	0	0	0	0	0	0	0	0	0
2603.22489v1	25834	0	0	0	0	0	0	0	0	0	0
2603.23231v2	33817	0	0	0	0	0	4	0	0	0	0
2603.26680v2	14395	0	0	0	0	0	0	0	0	0	0
2603.27277v1	1571	0	0	0	0	0	0	0	0	0	0
2603.29112v1	18763	0	0	0	0	0	0	0	0	0	0
2603.29664v1	2299	0	0	0	0	0	0	0	0	0	0
2604.00626v4	106139	0	0	0	0	0	0	0	0	0	0
2604.07343v2	17971	0	0	0	0	0	0	0	0	0	0
2604.07941v2	54658	0	0	0	0	0	0	0	0	0	0
2604.08016v2	8236	0	0	0	0	0	0	0	0	0	0
2604.08224v1	20127	0	0	0	0	0	3	0	0	0	0
2604.12596v1	17454	0	0	0	0	0	0	0	0	0	0
2604.16548v2	27386	0	0	0	0	0	0	0	0	0	0
2604.17259v1	12087	0	0	0	0	0	0	0	0	0	0
2604.17283v1	10822	0	0	0	0	0	0	0	0	0	0
2604.22085v1	16994	0	0	0	0	0	0	0	0	0	0
2604.22290v1	7772	0	0	0	0	0	0	0	0	0	0
2604.24977v1	65123	0	0	0	0	0	0	0	0	0	0
2605.05583v2	10674	0	0	0	0	0	0	0	0	0	0
2605.06716v1	2093	0	0	0	0	0	0	0	0	0	0
2605.09794v1	12291	0	0	0	0	0	0	0	0	0	0
2605.10870v1	39167	0	0	0	0	0	0	0	0	0	0
2605.13307v1	27891	0	0	0	0	0	0	0	0	0	0
2605.13986v2	26219	0	0	0	0	0	0	0	0	0	0
2605.18421v2	14485	0	0	0	0	0	0	0	0	0	0
2605.24229v1	8658	0	0	0	0	0	0	0	0	0	0
2605.24647v1	21306	0	0	0	0	0	0	0	0	0	0
2605.25290v1	20855	0	0	0	0	0	0	0	0	0	0
2605.26322v1	14988	0	0	0	0	0	0	0	0	0	0
2605.28009v1	19486	0	0	0	0	0	0	0	0	0	0
2605.28969v2	106956	0	0	0	0	0	0	0	0	0	0
2605.29358v1	21981	0	0	0	0	0	204	0	0	0	0
2605.30711v2	9931	0	0	0	0	0	0	0	0	0	0
2606.00422v1	3424	0	0	0	0	0	0	0	0	0	0
2606.02245v1	13680	0	0	0	0	0	0	0	0	0	0
2606.03135v1	9602	0	0	0	0	0	0	0	0	0	0
2606.04547v2	4463	0	0	0	0	0	0	0	0	0	0
2606.06614v1	15124	0	0	0	0	0	0	0	0	0	0
2606.07629v1	873	0	0	0	0	0	0	0	0	0	0
2606.13685v1	5592	0	0	0	0	0	0	0	0	0	0
2606.15903v2	14860	0	0	0	0	0	0	0	0	0	0
2606.16368v1	7482	0	0	0	0	0	0	0	0	0	0
2606.16707v1	22526	0	0	0	0	0	0	0	0	0	0
2606.19348v1	32858	0	0	0	0	0	1	0	0	0	0
2606.19544v1	21052	0	0	0	0	0	0	0	0	0	0
2606.19559v1	25327	0	0	0	0	0	0	0	0	0	0
2606.20708v1	14096	0	0	0	0	0	0	0	0	0	0
2606.22877v1	6351	0	0	0	0	0	0	0	0	0	0
2606.24004v2	17626	0	0	0	0	0	0	0	0	0	0
2606.24775v1	9187	0	0	0	0	0	0	0	0	0	0
2606.26627v1	9081	0	0	0	0	0	0	0	0	0	0
2607.00725v2	19243	0	0	0	0	0	0	0	0	0	0
2607.01071v2	19973	0	0	0	0	0	0	0	0	0	0
2607.05969v2	24169	0	0	0	0	0	0	0	0	0	0
2607.08535v1	3250	0	0	0	0	0	0	0	0	0	0
2607.15495v1	87324	0	0	0	0	0	0	0	0	0	0
2607.20548v1	18995	0	0	0	0	0	0	0	0	0	0
2608.00009v1	18158	0	0	0	0	0	0	0	0	0	0
2608.01619v1	4592	0	0	0	0	0	0	0	0	0	0
2608.03573v2	39143	0	0	0	0	0	0	0	0	0	0
2608.08043v1	6715	0	0	0	0	0	0	0	0	0	0
2608.08300v1	13598	0	0	0	0	0	0	0	0	0	0
2608.09507v2	3313	0	0	0	0	0	0	0	0	0	0
2608.10257v2	3418	0	0	0	0	0	0	0	0	0	0
2608.21381v1	3417	0	0	0	0	0	5	0	0	0	0
2608.27505v2	36156	0	0	0	0	0	0	0	0	0	0
